probe_id,chromosome,position,gene_symbol,cpg_id,methylation_beta,cpg_island,distance_to_tss
SKI_E465_R,1,2150459,SKI,cg11377900,0.05004,Y,465.0
TP73_P945_F,1,3558044,TP73,cg21323562,0.10151,Y,-945.0
TP73_P496_F,1,3558493,TP73,cg03987602,0.07968,Y,-496.0
TP73_E155_F,1,3559144,TP73,cg05300134,0.04369,Y,155.0
TNFRSF1B_P167_F,1,12149480,TNFRSF1B,cg20587042,0.04527,Y,-167.0
TNFRSF1B_E5_F,1,12149652,TNFRSF1B,cg06978331,0.09853,Y,5.0
PRDM2_P1340_R,1,13902597,PRDM2,cg19359071,0.92845,N,-1340.0
EPHA2_P203_F,1,16355354,EPHA2,cg15146752,0.50669,Y,-203.0
EPHA2_P340_R,1,16355491,EPHA2,cg20350808,0.45457,N,-340.0
PADI4_P1158_R,1,17506121,PADI4,cg19159961,0.76577,N,-1158.0
PADI4_P1011_R,1,17506268,PADI4,cg23228178,0.77675,N,-1011.0
PADI4_E24_F,1,17507303,PADI4,cg18333690,0.83892,N,24.0
NBL1_P24_F,1,19842289,NBL1,cg04102045,0.8048,N,-24.0
NBL1_E205_R,1,19842518,NBL1,cg21813747,0.8659,N,205.0
PLA2G2A_E268_F,1,20179228,PLA2G2A,cg22220722,0.88232,N,268.0
PLA2G2A_P528_F,1,20180024,PLA2G2A,cg09600256,0.84575,N,-528.0
ALPL_P433_F,1,21708023,ALPL,cg23352747,0.31253,Y,-433.0
ALPL_P278_F,1,21708178,ALPL,cg03975786,0.02485,Y,-278.0
EPHA8_P456_R,1,22762135,EPHA8,cg00665502,0.85385,Y,-456.0
EPHA8_P256_F,1,22762335,EPHA8,cg06991945,0.26451,Y,-256.0
EPHB2_P165_R,1,22909880,EPHB2,cg09003739,0.21863,Y,-165.0
EPHB2_E297_F,1,22910342,EPHB2,cg18504545,0.04661,Y,297.0
RUNX3_E27_R,1,25164035,RUNX3,cg21368948,0.95061,N,27.0
RUNX3_P247_F,1,25164309,RUNX3,cg10672665,0.91585,Y,-247.0
RUNX3_P393_R,1,25164455,RUNX3,cg12607238,0.92418,Y,-393.0
SFN_P248_F,1,27061972,SFN,cg10270832,0.1717,N,-248.0
SFN_E118_F,1,27062338,SFN,cg08545357,0.92953,Y,118.0
GPATC3_P410_R,1,27099954,GPATC3,cg18665535,0.78468,N,-410.0
FGR_P39_F,1,27823199,FGR,cg13164743,0.9576,N,-39.0
FABP3_E113_F,1,31618397,FABP3,cg03365882,0.12147,Y,113.0
FABP3_P598_F,1,31619108,FABP3,cg22966997,0.08791,Y,-598.0
LCK_E28_F,1,32489548,LCK,cg05350315,0.93038,Y,28.0
HDAC1_P414_R,1,32529881,HDAC1,cg24468890,0.68566,Y,-414.0
CSF3R_P8_F,1,36721104,CSF3R,cg00474419,0.43636,N,-8.0
CSF3R_P472_F,1,36721568,CSF3R,cg07285167,0.74572,N,-472.0
MYCL1_P502_R,1,40140776,MYCL1,cg27650434,0.08455,Y,-502.0
TIE1_E66_R,1,43539317,TIE1,cg19492156,0.63128,N,66.0
MPL_P657_F,1,43575405,MPL,cg06545304,0.74874,N,-657.0
MPL_P62_F,1,43576000,MPL,cg22126520,0.8553,N,-62.0
PTPRF_E178_R,1,43769312,PTPRF,cg09322748,0.17864,Y,178.0
PTCH2_E173_F,1,45081030,PTCH2,cg02200417,0.7018,Y,173.0
PTCH2_P37_F,1,45081240,PTCH2,cg02059556,0.06656,Y,-37.0
PTCH2_P568_R,1,45081771,PTCH2,cg04731174,0.41021,Y,-568.0
TESK2_P252_R,1,45729672,TESK2,cg15066293,0.02531,Y,-252.0
TAL1_E122_F,1,47467908,TAL1,cg00875272,0.04293,Y,122.0
TAL1_P594_F,1,47468624,TAL1,cg13537642,0.08696,Y,-594.0
TAL1_P817_F,1,47468847,TAL1,cg26891410,0.49477,Y,-817.0
DHCR24_P406_R,1,55125899,DHCR24,cg22549094,0.04481,Y,-406.0
DHCR24_P652_R,1,55126145,DHCR24,cg04974532,0.64327,N,-652.0
ROR1_P6_F,1,64012296,ROR1,cg01680459,0.03964,Y,-6.0
GADD45A_P737_R,1,67922734,GADD45A,cg09664591,0.45887,N,-737.0
DIRAS3_E55_R,1,68288993,DIRAS3,cg15101152,0.91665,Y,55.0
DIRAS3_P745_F,1,68289793,DIRAS3,cg16148134,0.83713,Y,-745.0
TGFBR3_E188_R,1,92124055,TGFBR3,cg15563741,0.04637,Y,188.0
TGFBR3_P429_F,1,92124672,TGFBR3,cg19846193,0.04639,Y,-429.0
GFI1_E136_F,1,92724885,GFI1,cg25402655,0.11149,Y,136.0
GFI1_P45_R,1,92725066,GFI1,cg07499339,0.07222,Y,-45.0
GFI1_P208_R,1,92725229,GFI1,cg20125091,0.57506,Y,-208.0
GSTM2_P453_R,1,110011761,GSTM2,cg11063364,0.61243,N,-453.0
GSTM2_P109_R,1,110012105,GSTM2,cg25855733,0.0362,N,-109.0
GSTM2_E153_F,1,110012367,GSTM2,cg07246306,0.16032,Y,153.0
GSTM1_P363_F,1,110031602,GSTM1,cg17452244,0.85038,Y,-363.0
GSTM1_P266_F,1,110031699,GSTM1,cg19763514,0.48073,Y,-266.0
CSF1_P339_F,1,110254641,CSF1,cg06450700,0.02295,Y,-339.0
CSF1_P217_F,1,110254763,CSF1,cg25479038,0.06064,Y,-217.0
CHI3L2_P226_F,1,111571578,CHI3L2,cg10675506,0.8924,N,-226.0
CHI3L2_E10_F,1,111571814,CHI3L2,cg10045881,0.83577,N,10.0
RAP1A_P285_R,1,111963643,RAP1A,cg06550436,0.35391,Y,-285.0
WNT2B_P1195_F,1,112810368,WNT2B,cg14928292,0.03721,Y,-1195.0
WNT2B_P1185_R,1,112810378,WNT2B,cg07216964,0.14626,Y,-1185.0
RHOC_P536_F,1,113051779,RHOC,cg21975783,0.05856,Y,-536.0
NRAS_P12_R,1,115061050,NRAS,cg18989243,0.03285,Y,-12.0
NRAS_P103_R,1,115061141,NRAS,cg24584246,0.03914,Y,-103.0
NGFB_E353_F,1,115682027,NGFB,cg02459758,0.12266,Y,353.0
NGFB_P13_F,1,115682393,NGFB,cg11660906,0.26496,Y,-13.0
CD2_P68_F,1,117098557,CD2,cg20405187,0.79493,N,-68.0
NOTCH2_P312_R,1,120414111,NOTCH2,cg09189069,0.0224,Y,-312.0
ARNT_P238_R,1,149116048,ARNT,cg14555435,0.03536,Y,-238.0
S100A12_P1221_R,1,151615920,S100A12,cg15108991,0.84651,N,-1221.0
S100A4_E315_F,1,151784591,S100A4,cg22502265,0.34797,N,315.0
S100A4_P194_R,1,151785100,S100A4,cg13091627,0.73349,N,-194.0
S100A4_P887_R,1,151785793,S100A4,cg25085776,0.8975,N,-887.0
S100A2_E36_R,1,151804894,S100A2,cg09232826,0.60457,N,36.0
S100A2_P1186_F,1,151806116,S100A2,cg21074565,0.87385,N,-1186.0
EFNA1_P591_R,1,153366382,EFNA1,cg19540825,0.03058,Y,-591.0
EFNA1_P7_F,1,153366966,EFNA1,cg16016389,0.03645,Y,-7.0
MUC1_E18_R,1,153429306,MUC1,cg00265953,0.75873,N,18.0
MUC1_P191_F,1,153429515,MUC1,cg11011735,0.24311,Y,-191.0
NES_P239_R,1,154914052,NES,cg17059112,0.20406,N,-239.0
NTRK1_E74_F,1,155052240,NTRK1,cg18744444,0.93159,N,74.0
CD1A_P414_R,1,156490137,CD1A,cg19355763,0.96196,N,-414.0
CD1A_P6_F,1,156490545,CD1A,cg03528325,0.92703,N,-6.0
AIM2_E208_F,1,157313063,AIM2,cg05998059,0.9467,N,208.0
AIM2_P624_F,1,157313895,AIM2,cg17311798,0.84695,N,-624.0
DDR2_P743_R,1,160868109,DDR2,cg23028772,0.84691,N,-743.0
DDR2_E331_F,1,160869183,DDR2,cg22740835,0.91023,N,331.0
ABL2_P459_R,1,177465818,ABL2,cg00467594,0.24937,Y,-459.0
LAMC1_P808_F,1,181258368,LAMC1,cg26340246,0.07088,Y,-808.0
LAMC1_E466_R,1,181259642,LAMC1,cg21404959,0.0216,Y,466.0
PTGS2_P308_F,1,184916487,PTGS2,cg03367301,0.05038,Y,-308.0
PTGS2_P524_R,1,184916703,PTGS2,cg03160309,0.07262,Y,-524.0
IL10_P85_F,1,205012547,IL10,cg10978799,0.73153,N,-85.0
IL10_P348_F,1,205012810,IL10,cg14180511,0.93006,N,-348.0
CD34_E20_R,1,206151286,CD34,cg19626977,0.3415,N,20.0
CD34_P339_R,1,206151645,CD34,cg03583857,0.39605,N,-339.0
CD34_P780_R,1,206152086,CD34,cg14637677,0.36819,N,-780.0
TGFB2_P632_F,1,216585859,TGFB2,cg11125460,0.05319,Y,-632.0
TGFB2_E226_R,1,216586717,TGFB2,cg20490551,0.1368,Y,226.0
EPHX1_P1358_R,1,224078241,EPHX1,cg12786690,0.88164,N,-1358.0
EPHX1_P22_F,1,224079577,EPHX1,cg23096144,0.92309,N,-22.0
EPHX1_E152_F,1,224079751,EPHX1,cg12837712,0.83553,N,152.0
TMEM63A_E63_F,1,224136608,TMEM63A,cg09739214,0.03724,Y,63.0
LEFTY2_P561_F,1,224196104,LEFTY2,cg22462235,0.44927,N,-561.0
LEFTY2_P719_F,1,224196262,LEFTY2,cg09540507,0.84938,N,-719.0
PARP1_P610_R,1,224663024,PARP1,cg17303114,0.789,Y,-610.0
KIAA1804_P689_R,1,231529448,KIAA1804,cg09524235,0.10261,Y,-689.0
NID1_P677_F,1,234304383,NID1,cg20234959,0.95295,N,-677.0
NID1_P714_R,1,234304420,NID1,cg16408295,0.95292,N,-714.0
ODC1_P424_F,2,10506328,ODC1,cg06408248,0.02298,Y,-424.0
MYCN_P464_R,2,15997670,MYCN,cg21023053,0.03237,Y,-464.0
MYCN_E77_R,2,15998211,MYCN,cg02204046,0.0703,Y,77.0
POMC_E254_F,2,25244702,POMC,cg11227734,0.06702,Y,254.0
POMC_P53_F,2,25245009,POMC,cg00293936,0.03657,Y,-53.0
POMC_P400_R,2,25245356,POMC,cg22632966,0.26811,Y,-400.0
FOSL2_E384_R,2,28469667,FOSL2,cg26791128,0.96571,Y,384.0
ALK_E183_R,2,29997753,ALK,cg02931220,0.09967,Y,183.0
ALK_P28_F,2,29997964,ALK,cg14528334,0.15757,Y,-28.0
EIF2AK2_E103_R,2,37237469,EIF2AK2,cg23045112,0.10952,Y,103.0
EIF2AK2_P313_F,2,37237885,EIF2AK2,cg01617117,0.03605,Y,-313.0
CYP1B1_E83_R,2,38156713,CYP1B1,cg09991178,0.28288,Y,83.0
CYP1B1_P212_F,2,38157008,CYP1B1,cg07057636,0.36938,Y,-212.0
MSH2_P1008_F,2,47482759,MSH2,cg20331910,0.71259,Y,-1008.0
TGFA_P558_F,2,70634996,TGFA,cg26582629,0.05164,Y,-558.0
TGFA_P642_R,2,70635080,TGFA,cg16146108,0.07329,Y,-642.0
EGR4_E70_F,2,73374048,EGR4,cg12688198,0.44931,Y,70.0
EGR4_P479_F,2,73374597,EGR4,cg21111868,0.04875,Y,-479.0
ACTG2_P455_R,2,73973146,ACTG2,cg05473646,0.94935,N,-455.0
ACTG2_P346_F,2,73973255,ACTG2,cg15966469,0.81815,N,-346.0
ACTG2_E98_R,2,73973699,ACTG2,cg04793455,0.84209,N,98.0
CAPG_E228_F,2,85490959,CAPG,cg13268943,0.37093,N,228.0
VAMP8_P241_F,2,85657987,VAMP8,cg05486094,0.72894,N,-241.0
VAMP8_P114_F,2,85658114,VAMP8,cg17641218,0.55713,N,-114.0
VAMP8_E7_F,2,85658235,VAMP8,cg12542933,0.77674,N,7.0
SFTPB_P689_R,2,85749512,SFTPB,cg26394380,0.82328,N,-689.0
ZAP70_P220_R,2,97696243,ZAP70,cg09006159,0.82146,N,-220.0
AFF3_P122_F,2,100125591,AFF3,cg23497683,0.9014,N,-122.0
AFF3_P808_F,2,100126277,AFF3,cg17356467,0.97131,N,-808.0
IL1A_E113_R,2,113259329,IL1A,cg03970341,0.96464,N,113.0
IL1B_P582_R,2,113311409,IL1B,cg12992979,0.91332,N,-582.0
IL1B_P829_F,2,113311656,IL1B,cg14658384,0.61257,N,-829.0
IL1RN_P93_R,2,113591848,IL1RN,cg14497465,0.7492,N,-93.0
IL1RN_E42_F,2,113591983,IL1RN,cg17669033,0.91392,N,42.0
GLI2_P295_F,2,121266034,GLI2,cg24008711,0.87742,Y,-295.0
GLI2_E90_F,2,121266419,GLI2,cg16619328,0.95653,N,90.0
ERCC3_P1210_R,2,127769432,ERCC3,cg13587811,0.90002,N,-1210.0
MCM6_E136_F,2,136350345,MCM6,cg15058178,0.11749,Y,136.0
ACVR1C_P115_R,2,158193760,ACVR1C,cg19905951,0.15027,Y,-115.0
ACVR1C_P363_F,2,158194008,ACVR1C,cg05010623,0.15764,Y,-363.0
ACVR1_E328_R,2,158402708,ACVR1,cg09919801,0.80449,N,328.0
ACVR1_P983_F,2,158404019,ACVR1,cg10122840,0.88616,N,-983.0
LRP2_E20_F,2,169927239,LRP2,cg10022744,0.04664,Y,20.0
ITGA6_P718_R,2,172999898,ITGA6,cg03085296,0.95729,Y,-718.0
ITGA6_P298_R,2,173000318,ITGA6,cg11435793,0.35361,Y,-298.0
FRZB_E186_R,2,183439557,FRZB,cg01872931,0.08216,Y,186.0
FRZB_P406_F,2,183440149,FRZB,cg25188149,0.04799,Y,-406.0
TPEF_seq_44_S88_R,2,192767395,TMEFF2,cg09698887,0.05371,Y,494.0
TPEF_seq_44_S36_F,2,192767447,TMEFF2,cg25278465,0.04551,Y,442.0
TMEFF2_E94_R,2,192767795,TMEFF2,cg10026428,0.09647,Y,94.0
TMEFF2_P152_R,2,192768041,TMEFF2,cg10348923,0.11902,Y,-152.0
TMEFF2_P210_R,2,192768099,TMEFF2,cg21377961,0.07626,Y,-210.0
CLK1_P538_F,2,201438205,CLK1,cg08898736,0.25479,N,-538.0
CASP10_P334_F,2,201755766,CASP10,cg13782463,0.13728,N,-334.0
CASP10_P186_F,2,201755914,CASP10,cg14420164,0.05002,N,-186.0
CASP10_E139_F,2,201756239,CASP10,cg20209903,0.08866,N,139.0
CASP8_E474_F,2,201806900,CASP8,cg05776114,0.63519,N,474.0
FZD7_E296_F,2,202607851,FZD7,cg18631360,0.03388,Y,296.0
BMPR2_P1271_F,2,202948645,BMPR2,cg19618755,0.05158,Y,-1271.0
BMPR2_E435_F,2,202950351,BMPR2,cg15362398,0.03268,Y,435.0
CTLA4_P1128_F,2,204439628,CTLA4,cg09093334,0.92718,N,-1128.0
CTLA4_E176_R,2,204440932,CTLA4,cg05074138,0.94269,N,176.0
CREB1_P819_F,2,208102112,CREB1,cg22617735,0.07403,Y,-819.0
ERBB4_P255_F,2,213111787,ERBB4,cg08649550,0.02962,Y,-255.0
ERBB4_P541_F,2,213112073,ERBB4,cg12482802,0.02512,Y,-541.0
FN1_E469_F,2,216008567,FN1,cg01966735,0.04357,Y,469.0
FN1_P229_R,2,216009265,FN1,cg21634861,0.14745,Y,-229.0
IGFBP2_P353_R,2,217206019,IGFBP2,cg07828219,0.10017,Y,-353.0
IGFBP2_P306_F,2,217206066,IGFBP2,cg20018535,0.0426,Y,-306.0
IGFBP5_E144_F,2,217268372,IGFBP5,cg05007802,0.08512,Y,144.0
IGFBP5_P9_R,2,217268525,IGFBP5,cg20419545,0.03331,Y,-9.0
IHH_E186_F,2,219633247,IHH,cg27171516,0.0621,Y,186.0
IHH_P246_R,2,219633679,IHH,cg06266124,0.14115,Y,-246.0
IHH_P529_F,2,219633962,IHH,cg11512176,0.06065,Y,-529.0
DES_P1006_R,2,219990337,DES,cg25310553,0.90385,N,-1006.0
DES_E228_R,2,219991571,DES,cg21174728,0.08132,Y,228.0
INHA_P1189_F,2,220144009,INHA,cg16613202,0.09519,Y,
INHA_P1144_R,2,220144054,INHA,cg01858402,0.09651,Y,
COL4A3_P545_F,2,227736980,COL4A3,cg26187391,0.03713,Y,-545.0
COL4A3_E205_R,2,227737730,COL4A3,cg02171478,0.02346,Y,205.0
NCL_P840_R,2,232038289,NCL,cg11738271,0.05838,Y,-840.0
NCL_P1102_F,2,232038551,NCL,cg26862286,0.93391,Y,-1102.0
UGT1A7_P751_R,2,234254572,UGT1A7,cg16671505,0.97155,N,-751.0
UGT1A1_P564_R,2,234333094,UGT1A1,cg07823755,0.93667,N,-564.0
UGT1A1_P315_R,2,234333343,UGT1A1,cg11661768,0.91035,N,-315.0
UGT1A1_E11_F,2,234333669,UGT1A1,cg03607648,0.97219,N,11.0
AGXT_P180_F,2,241456655,AGXT,cg20657132,0.90058,N,-180.0
AGXT_E115_R,2,241456950,AGXT,cg15446157,0.96372,N,115.0
CCR5_P630_R,3,58097,CCR5,cg21689024,0.66336,N,-630.0
OGG1_E400_F,3,9766105,OGG1,cg10816847,0.37543,Y,400.0
PPARG_P693_F,3,12303666,PPARG,cg27051533,0.72225,Y,-693.0
PPARG_E178_R,3,12304537,PPARG,cg11660988,0.0471,Y,178.0
RAF1_P330_F,3,12681008,RAF1,cg02830576,0.12856,Y,-330.0
HDAC11_P556_F,3,13496268,HDAC11,cg07719569,0.03356,Y,-556.0
XPC_P226_R,3,14195369,XPC,cg23512686,0.86245,Y,-226.0
RARB_P60_F,3,25444698,RARB,cg06720425,0.22359,Y,-60.0
RARB_E114_F,3,25444872,RARB,cg14265392,0.03715,Y,114.0
MLH1_P381_F,3,37009602,MLH1,cg04807499,0.05311,Y,197.0
ACVR2B_P676_F,3,38470138,ACVR2B,cg23840480,0.11653,Y,-676.0
ACVR2B_E27_R,3,38470841,ACVR2B,cg12086765,0.03163,Y,27.0
CTNNB1_P757_F,3,41215247,CTNNB1,cg11124489,0.12583,Y,-757.0
TDGF1_P428_R,3,46593789,TDGF1,cg04728702,0.57663,N,-428.0
TDGF1_E53_R,3,46594270,TDGF1,cg24195016,0.81909,Y,53.0
TSP50_E21_R,3,46734347,TSP50,cg07522405,0.64404,Y,21.0
TSP50_P137_F,3,46734505,TSP50,cg13403573,0.1292,Y,-137.0
PTHR1_P258_F,3,46893982,PTHR1,cg13804333,0.83929,N,-258.0
PTHR1_P170_R,3,46894070,PTHR1,cg04041000,0.94395,N,-170.0
PTHR1_E36_R,3,46894276,PTHR1,cg21954799,0.94447,N,36.0
GPX1_E46_R,3,49370749,GPX1,cg07274523,0.0294,Y,46.0
GPX1_P194_F,3,49370989,GPX1,cg08539067,0.14858,Y,-194.0
MST1R_E42_R,3,49916032,MST1R,cg03714052,0.61793,Y,42.0
MST1R_P87_R,3,49916161,MST1R,cg01709977,0.58271,Y,-87.0
MST1R_P392_F,3,49916466,MST1R,cg03610760,0.10881,Y,-392.0
SEMA3F_P692_R,3,50167160,SEMA3F,cg22805248,0.02421,Y,-692.0
SEMA3F_E333_R,3,50168185,SEMA3F,cg19734524,0.15569,Y,333.0
SEMA3B_P110_R,3,50279934,SEMA3B,cg12999941,0.28382,N,-110.0
SEMA3B_E96_F,3,50280140,SEMA3B,cg25047248,0.14742,N,96.0
RASSF1_E116_F,3,50353255,RASSF1,cg18804483,0.03181,Y,116.0
RASSF1_P244_F,3,50353615,RASSF1,cg04540383,0.02963,Y,-244.0
ZMYND10_E77_R,3,50358083,ZMYND10,cg20881888,0.11924,Y,77.0
ZMYND10_P329_F,3,50358489,ZMYND10,cg16621790,0.1403,Y,-329.0
IL17RB_P788_R,3,53854824,IL17RB,cg16868427,0.02738,Y,392.0
IL17RB_E164_R,3,53855776,IL17RB,cg26793386,0.05604,Y,-560.0
WNT5A_E43_F,3,55496328,WNT5A,cg16891776,0.07104,Y,43.0
WNT5A_P655_F,3,55497026,WNT5A,cg19344602,0.02546,Y,-655.0
FHIT_E19_R,3,61212145,FHIT,cg16465895,0.03337,Y,19.0
FHIT_P93_R,3,61212257,FHIT,cg24504954,0.03229,Y,-93.0
PTPRG_P476_F,3,61521809,PTPRG,cg25680813,0.02964,Y,-476.0
PTPRG_E40_R,3,61522325,PTPRG,cg05362669,0.08746,Y,40.0
PROK2_E0_F,3,71916902,PROK2,cg12848837,0.04317,Y,0.0
PROK2_P390_F,3,71917292,PROK2,cg01645467,0.03554,Y,-390.0
EPHA3_P106_R,3,89239258,EPHA3,cg10315231,0.05,Y,-106.0
EPHA3_E156_R,3,89239520,EPHA3,cg22619563,0.07341,Y,156.0
CD86_P3_F,3,123256908,CD86,cg01878435,0.69215,N,-3.0
MYLK_E132_R,3,125085707,MYLK,cg07455270,0.37265,Y,132.0
MYLK_P469_R,3,125086308,MYLK,cg03731616,0.21319,Y,-469.0
MCM2_P260_F,3,128799683,MCM2,cg10691006,0.41723,Y,-260.0
MCM2_P241_R,3,128799702,MCM2,cg19254115,0.06675,Y,-241.0
RYK_P493_F,3,135452769,RYK,cg04318393,0.04929,Y,-493.0
EPHB1_P503_F,3,135996447,EPHB1,cg24704286,0.12329,Y,-503.0
EPHB1_E202_R,3,135997152,EPHB1,cg23448029,0.84391,Y,202.0
RBP1_E158_F,3,140741022,RBP1,cg21141873,0.0183,Y,158.0
RBP1_P150_F,3,140741330,RBP1,cg11861701,0.03537,Y,-150.0
RBP1_P426_R,3,140741606,RBP1,cg11986962,0.14857,Y,-426.0
AGTR1_P154_F,3,149898201,AGTR1,cg20530314,0.05781,Y,-154.0
AGTR1_P41_F,3,149898314,AGTR1,cg22498996,0.02452,Y,-41.0
SMARCA3_E20_F,3,150286987,SMARCA3,cg27077285,0.05585,Y,20.0
SMARCA3_P17_R,3,150287024,SMARCA3,cg01427078,0.22784,Y,-17.0
SMARCA3_P109_R,3,150287116,SMARCA3,cg02333465,0.04962,Y,-109.0
MME_P388_F,3,156279765,MME,cg10427866,0.11187,Y,-388.0
MME_E29_F,3,156280182,MME,cg20228377,0.11491,Y,29.0
MLF1_P97_F,3,159771581,MLF1,cg21767902,0.25096,Y,-97.0
MLF1_E243_F,3,159771921,MLF1,cg11432768,0.29309,Y,243.0
RARRES1_E235_F,3,159932734,RARRES1,cg09424996,0.06742,Y,235.0
RARRES1_P57_R,3,159933026,RARRES1,cg12199224,0.85375,Y,-57.0
RARRES1_P426_R,3,159933395,RARRES1,cg13848998,0.61637,Y,-426.0
IL12A_E287_R,3,161189610,IL12A,cg03993981,0.03244,Y,287.0
EVI1_E47_R,3,170346740,EVI1,cg26718709,0.12484,Y,47.0
EVI1_P30_R,3,170346817,EVI1,cg14228238,0.0758,Y,-30.0
MDS1_E45_F,3,170864123,MDS1,cg03078689,0.09105,Y,45.0
TNFSF10_E53_F,3,173723910,TNFSF10,cg16555388,0.11179,N,53.0
TNFSF10_P2_R,3,173723965,TNFSF10,cg27433414,0.25734,N,-2.0
SOX2_P546_F,3,182911870,SOX2,cg18036037,0.05426,Y,-546.0
ABCC5_P444_F,3,185218865,ABCC5,cg16378421,0.03656,Y,-444.0
THPO_E483_F,3,185578143,THPO,cg08997821,0.92236,N,483.0
THPO_P585_R,3,185579211,THPO,cg20482454,0.92561,N,-585.0
EPHB3_P569_R,3,185761712,EPHB3,cg03013719,0.10064,Y,-569.0
EPHB3_E0_F,3,185762281,EPHB3,cg08726111,0.1008,Y,0.0
ST6GAL1_P528_F,3,188130682,ST6GAL1,cg27158598,0.072,Y,-528.0
ST6GAL1_P164_R,3,188131046,ST6GAL1,cg23385525,0.13521,Y,-164.0
BCL6_P248_R,3,188946417,BCL6,cg20717875,0.05049,Y,-248.0
FGF12_E61_R,3,193928005,FGF12,cg09801174,0.13343,Y,61.0
FGF12_P210_R,3,193928276,FGF12,cg22069098,0.04748,Y,-210.0
HRASLS_P353_R,3,194441259,HRASLS,cg14777903,0.61472,Y,-353.0
HRASLS_E72_R,3,194441684,HRASLS,cg06932759,0.05275,Y,72.0
TFRC_P414_R,3,197293752,TFRC,cg22956956,0.06998,Y,-414.0
FGFR3_P1152_R,4,1764269,FGFR3,cg12221596,0.51545,Y,-1152.0
FGFR3_E297_R,4,1765718,FGFR3,cg02183613,0.03414,Y,297.0
SH3BP2_P771_R,4,2789568,SH3BP2,cg10745272,0.25742,Y,-771.0
SH3BP2_E18_F,4,2790357,SH3BP2,cg02314872,0.31883,N,18.0
PROM1_P44_R,4,15686708,PROM1,cg05586943,0.93745,N,-44.0
SLIT2_P208_F,4,19864125,SLIT2,cg13875122,0.05128,Y,-208.0
SLIT2_E111_R,4,19864444,SLIT2,cg26860620,0.33186,Y,111.0
SOD3_P460_R,4,24404693,SOD3,cg16986592,0.84037,N,-460.0
SOD3_P225_F,4,24404928,SOD3,cg10307548,0.92428,N,-225.0
CCKAR_E79_F,4,26101061,CCKAR,cg08845028,0.82957,N,79.0
CCKAR_P270_F,4,26101410,CCKAR,cg12336680,0.8991,N,-270.0
RHOH_P953_R,4,39874044,RHOH,cg08826756,0.94732,N,-953.0
RHOH_P121_F,4,39874876,RHOH,cg26296101,0.73096,Y,-121.0
PDGFRA_P1429_F,4,54788775,PDGFRA,cg27645880,0.02577,Y,-1429.0
PDGFRA_E125_F,4,54790329,PDGFRA,cg20629161,0.30098,N,125.0
KIT_P405_F,4,55218513,KIT,cg27154163,0.10623,Y,-405.0
KIT_P367_R,4,55218551,KIT,cg23927351,0.10779,Y,-367.0
KDR_E79_F,4,55686440,KDR,cg10740902,0.03917,Y,79.0
KDR_P445_R,4,55686964,KDR,cg04695981,0.04315,Y,-445.0
PPAT_E170_R,4,56996432,PPAT,cg08412991,0.46587,Y,-266.0
IGFBP7_P297_F,4,57671593,IGFBP7,cg10799769,0.37146,Y,-297.0
IGFBP7_P371_F,4,57671667,IGFBP7,cg16546204,0.02852,Y,-371.0
EPHA5_E158_R,4,66217946,EPHA5,cg25798792,0.05996,Y,158.0
EPHA5_P66_F,4,66218170,EPHA5,cg02463418,0.40766,Y,-66.0
AFP_P824_F,4,74519973,AFP,cg10778295,0.92212,N,-824.0
IL8_P83_F,4,74825056,IL8,cg18302652,0.74333,N,-83.0
IL8_E118_R,4,74825257,IL8,cg01548201,0.41782,N,118.0
AREG_P217_R,4,75529500,AREG,cg23375843,0.13582,Y,-217.0
AREG_E25_F,4,75529742,AREG,cg04027823,0.0442,Y,25.0
DKFZP564O0823_E45_F,4,76077367,DKFZP564O0823,cg14481786,0.0333,Y,45.0
CXCL9_E268_R,4,77147397,CXCL9,cg12793812,0.91623,N,268.0
FGF5_P238_R,4,81406528,FGF5,cg23520103,0.02323,Y,-238.0
FGF5_E16_F,4,81406782,FGF5,cg08153517,0.15108,Y,16.0
BMP3_P56_R,4,82171087,BMP3,cg14573361,0.03063,Y,-56.0
BMP3_E147_F,4,82171290,BMP3,cg06290734,0.23964,Y,147.0
HPSE_P29_F,4,84475358,HPSE,cg01935492,0.09232,Y,-29.0
HPSE_P93_F,4,84475422,HPSE,cg09221015,0.10129,Y,-93.0
MAPK10_E26_F,4,87593281,MAPK10,cg26029835,0.7577,N,26.0
DMP1_P134_F,4,88790349,DMP1,cg16043345,0.90532,N,-134.0
DMP1_E194_F,4,88790677,DMP1,cg18397653,0.93965,N,194.0
SPP1_P647_F,4,89115179,SPP1,cg24861509,0.8168,N,-647.0
SPP1_E140_R,4,89115966,SPP1,cg20261167,0.46856,N,140.0
PKD2_P336_R,4,89147508,PKD2,cg21790274,0.07592,Y,-336.0
PKD2_P287_R,4,89147557,PKD2,cg27652306,0.06666,Y,-287.0
ABCG2_P178_R,4,89299213,ABCG2,cg08748699,0.12258,Y,-178.0
ABCG2_P310_R,4,89299345,ABCG2,cg11000292,0.02823,Y,-310.0
NFKB1_P496_F,4,103641022,NFKB1,cg24413435,0.21233,Y,-496.0
NFKB1_P336_R,4,103641182,NFKB1,cg06930505,0.0486,Y,-336.0
CASP6_P201_F,4,110844279,CASP6,cg07942426,0.07693,Y,-201.0
CASP6_P230_R,4,110844308,CASP6,cg20044306,0.0438,Y,-230.0
EGF_P413_F,4,111053086,EGF,cg12981092,0.90134,N,-413.0
EGF_P242_R,4,111053257,EGF,cg13379236,0.85698,N,-242.0
EGF_E339_F,4,111053838,EGF,cg02437921,0.94141,N,339.0
PITX2_E24_R,4,111777933,PITX2,cg10692923,0.29876,Y,24.0
PITX2_P183_R,4,111778140,PITX2,cg13359552,0.20288,Y,-183.0
MAD2L1_E93_F,4,121207318,MAD2L1,cg08483943,0.7631,Y,-213.0
IL2_P607_R,4,123597937,IL2,cg24372185,0.88978,N,-607.0
FGF2_P229_F,4,123967084,FGF2,cg03941587,0.15185,Y,-229.0
HHIP_P578_R,4,145786045,HHIP,cg02524475,0.15944,Y,-578.0
HHIP_P307_R,4,145786316,HHIP,cg20605716,0.07538,Y,-307.0
HHIP_E94_F,4,145786717,HHIP,cg21706827,0.13425,Y,323.0
CASP3_P420_R,4,185808043,CASP3,cg15495273,0.04949,Y,147.0
FAT_P279_R,4,187882260,FAT,cg06830038,0.13799,Y,-279.0
FAT_P973_R,4,187882954,FAT,cg08953122,0.05726,Y,-973.0
TERT_E20_F,5,1348139,TERT,cg03779447,0.03808,Y,20.0
TERT_P360_R,5,1348519,TERT,cg17903235,0.12891,Y,-360.0
ADAMTS12_E52_R,5,33927829,ADAMTS12,cg13887940,0.30243,Y,52.0
ADAMTS12_P250_R,5,33928131,ADAMTS12,cg24560027,0.05561,Y,-250.0
DAB2_P35_F,5,39460738,DAB2,cg14937154,0.03108,Y,-35.0
DAB2_P468_F,5,39461171,DAB2,cg05390738,0.02201,Y,-468.0
ISL1_P554_F,5,50714472,ISL1,cg16203270,0.0917,Y,-554.0
ISL1_P379_F,5,50714647,ISL1,cg14024101,0.07982,Y,-379.0
ISL1_E87_R,5,50715113,ISL1,cg13836786,0.19771,Y,132.0
ITGA2_P26_R,5,52320988,ITGA2,cg15676241,0.06332,Y,-26.0
ITGA2_E120_F,5,52321134,ITGA2,cg02729277,0.06911,Y,120.0
MAP3K1_P7_F,5,56146015,MAP3K1,cg06448700,0.47095,Y,-7.0
MAP3K1_E81_F,5,56146103,MAP3K1,cg00468724,0.42364,Y,81.0
PIK3R1_P307_F,5,67557911,PIK3R1,cg03473299,0.92474,N,-307.0
ENC1_P484_R,5,73972757,ENC1,cg27345700,0.07138,Y,-484.0
F2R_P839_F,5,76046703,F2R,cg03231644,0.61263,Y,-839.0
F2R_P88_F,5,76047454,F2R,cg11627632,0.17258,Y,-88.0
MSH3_P13_R,5,79986037,MSH3,cg06210628,0.75111,Y,-13.0
MSH3_E3_F,5,79986053,MSH3,cg14636131,0.91621,Y,3.0
CSPG2_P82_R,5,82803257,CSPG2,cg02861411,0.08736,Y,-82.0
CSPG2_E38_F,5,82803377,CSPG2,cg21708808,0.11428,Y,38.0
RASA1_E107_F,5,86600014,RASA1,cg07195528,0.02583,Y,107.0
FER_P581_F,5,108110841,FER,cg20922596,0.78098,N,-581.0
FER_E119_F,5,108111541,FER,cg08035146,0.44635,N,119.0
APC_P280_R,5,112101203,APC,cg05117367,0.03837,Y,-280.0
APC_P14_F,5,112101469,APC,cg21634602,0.2237,Y,-14.0
APC_E117_R,5,112101600,APC,cg24136097,0.23428,Y,117.0
MCC_E23_R,5,112658178,MCC,cg10599443,0.06093,Y,23.0
MCC_P196_R,5,112658397,MCC,cg19728002,0.02166,Y,-196.0
LOX_P71_F,5,121441924,LOX,cg03619973,0.05888,Y,-71.0
LOX_P313_R,5,121442166,LOX,cg08623535,0.08161,Y,-313.0
IL3_P556_F,5,131423690,IL3,cg17175013,0.95942,N,-556.0
CSF2_P605_F,5,131436779,CSF2,cg21708430,0.89905,N,-605.0
CSF2_E248_R,5,131437632,CSF2,cg08625965,0.95146,N,248.0
RAD50_P191_F,5,131920338,RAD50,cg05198819,0.73519,Y,-191.0
IL13_E75_R,5,132021839,IL13,cg20391122,0.95141,N,75.0
IL4_P262_R,5,132037010,IL4,cg23943829,0.87771,N,-262.0
TGFBI_P173_F,5,135392424,TGFBI,cg00833799,0.24751,Y,-173.0
TGFBI_P31_R,5,135392566,TGFBI,cg07852148,0.1119,Y,-31.0
CTNNA1_P382_R,5,138116624,CTNNA1,cg12636713,0.06979,Y,-382.0
CTNNA1_P185_R,5,138116821,CTNNA1,cg18680057,0.05374,Y,-185.0
PURA_P928_R,5,139472964,PURA,cg13473072,0.0545,Y,-928.0
HBEGF_P32_R,5,139706390,HBEGF,cg13470461,0.05253,Y,-32.0
PCDH1_E22_F,5,141238106,PCDH1,cg09064128,0.05001,Y,22.0
PCDH1_P264_F,5,141238392,PCDH1,cg19580572,0.06288,Y,-264.0
FGF1_E5_F,5,142045807,FGF1,cg02259548,0.89272,N,5.0
FGF1_P357_R,5,142046169,FGF1,cg05353098,0.88579,N,-357.0
CSF1R_E26_F,5,149473102,CSF1R,cg15226392,0.85704,N,26.0
CSF1R_P73_F,5,149473201,CSF1R,cg01875467,0.54519,N,-73.0
PDGFRB_E195_R,5,149515420,PDGFRB,cg21817429,0.11235,N,195.0
PDGFRB_P273_F,5,149515888,PDGFRB,cg12727795,0.51759,Y,-273.0
PDGFRB_P343_F,5,149515958,PDGFRB,cg25440811,0.01846,Y,-343.0
GPX3_E178_F,5,150380290,GPX3,cg02982825,0.18769,Y,178.0
SPARC_E50_R,5,151046660,SPARC,cg03769306,0.14589,Y,50.0
SPARC_P195_F,5,151046905,SPARC,cg01524697,0.22437,N,-195.0
ITK_P114_F,5,156540371,ITK,cg18953183,0.94321,N,-114.0
ITK_E166_R,5,156540651,ITK,cg09489988,0.96838,N,166.0
IL12B_E25_F,5,158690034,IL12B,cg18307303,0.91759,N,25.0
IL12B_P392_R,5,158690451,IL12B,cg22428246,0.78373,N,-392.0
IL12B_P1453_F,5,158691512,IL12B,cg11461541,0.80464,Y,-1453.0
FGFR4_P610_F,5,176445917,FGFR4,cg13847825,0.89902,N,-610.0
MAPK9_P1175_F,5,179641391,MAPK9,cg05023457,0.93232,N,-1175.0
SCGB3A1_E55_R,5,179951038,SCGB3A1,cg19421379,0.05599,Y,55.0
FLT4_E206_F,5,180008966,FLT4,cg17414561,0.13628,Y,206.0
FLT4_P180_R,5,180009352,FLT4,cg20020551,0.07526,Y,-180.0
RIPK1_P868_F,6,3021189,RIPK1,cg24886867,0.94079,N,-868.0
RIPK1_P744_R,6,3021313,RIPK1,cg24303123,0.93727,N,-744.0
DSP_P440_R,6,7486429,DSP,cg11661951,0.06771,Y,-440.0
DSP_P36_F,6,7486833,DSP,cg13855473,0.21239,Y,-36.0
BMP6_P398_F,6,7671611,BMP6,cg08280813,0.03184,Y,-398.0
BMP6_P163_F,6,7671846,BMP6,cg05319903,0.07499,Y,-163.0
EDN1_P39_R,6,12398606,EDN1,cg21719114,0.03767,Y,-39.0
EDN1_E50_R,6,12398695,EDN1,cg02061638,0.02649,Y,50.0
E2F3_P840_R,6,20509537,E2F3,cg20252430,0.05969,Y,-840.0
HFE_E273_R,6,26195700,HFE,cg13740565,0.02483,Y,273.0
HLA-F_E402_F,6,29799622,HLA-F,cg19070841,0.01963,Y,402.0
DDR1_P332_R,6,30959508,DDR1,cg02680487,0.75861,N,-332.0
DDR1_E23_R,6,30959863,DDR1,cg26146308,0.10023,Y,23.0
LTA_P214_R,6,31647858,LTA,cg20798246,0.92362,N,-214.0
LTA_E28_R,6,31648100,LTA,cg24216966,0.94064,N,28.0
TNF_P1084_F,6,31650245,TNF,cg07452656,0.96114,N,-1084.0
TNF_P158_F,6,31651171,TNF,cg26444570,0.15879,N,-158.0
LY6G6E_P45_R,6,31789613,LY6G6E,cg26399860,0.82231,N,-1499.0
NEU1_P745_F,6,31939407,NEU1,cg20383155,0.03767,Y,-745.0
C4B_P191_F,6,32057622,C4B,cg14877208,0.95843,N,-191.0
C4B_E171_F,6,32057984,C4B,cg01672355,0.68668,N,171.0
NOTCH4_E4_F,6,32299818,NOTCH4,cg14700707,0.37161,N,4.0
NOTCH4_P938_F,6,32300760,NOTCH4,cg05166027,0.8643,N,-938.0
HLA-DRA_P132_R,6,32515493,HLA-DRA,cg18576604,0.05996,N,-132.0
HLA-DRA_P77_R,6,32515548,HLA-DRA,cg25258233,0.1935,N,-77.0
HLA-DQA2_P282_R,6,32816859,HLA-DQA2,cg09782137,0.82387,N,-282.0
HLA-DQA2_E93_F,6,32817234,HLA-DQA2,cg15869057,0.64391,N,93.0
HLA-DOB_E432_R,6,32892330,HLA-DOB,cg23791206,0.92489,N,432.0
HLA-DOB_P357_R,6,32893119,HLA-DOB,cg17103109,0.9588,N,-357.0
HLA-DOB_P1114_R,6,32893876,HLA-DOB,cg09734481,0.94972,N,-1114.0
HLA-DOA_P191_R,6,33085558,HLA-DOA,cg23794671,0.82208,N,-191.0
HLA-DOA_P594_F,6,33085961,HLA-DOA,cg17313945,0.77586,N,-594.0
HLA-DPA1_E35_R,6,33149321,HLA-DPA1,cg09321817,0.89375,N,35.0
HLA-DPA1_P28_R,6,33149384,HLA-DPA1,cg13031167,0.3196,N,-28.0
HLA-DPA1_P205_R,6,33149561,HLA-DPA1,cg11451043,0.43574,N,-205.0
HLA-DPB1_P540_F,6,33151198,HLA-DPB1,cg21151963,0.96714,N,-540.0
HLA-DPB1_E2_R,6,33151740,HLA-DPB1,cg12899649,0.43891,N,2.0
ITPR3_P1112_F,6,33696210,ITPR3,cg25867695,0.0227,Y,-1112.0
ITPR3_E86_R,6,33697408,ITPR3,cg26541279,0.02497,Y,86.0
SPDEF_E116_R,6,34631953,SPDEF,cg09567776,0.63102,N,116.0
SPDEF_P6_R,6,34632075,SPDEF,cg10159596,0.6727,N,-6.0
PPARD_P846_F,6,35417518,PPARD,cg02381942,0.13443,Y,-846.0
FANCE_P356_R,6,35527760,FANCE,cg04035266,0.08313,Y,-356.0
MAPK14_P327_R,6,36103224,MAPK14,cg18213931,0.1793,Y,-327.0
CDKN1A_P242_F,6,36754223,CDKN1A,cg23305046,0.03039,Y,-242.0
CDKN1A_E101_F,6,36754566,CDKN1A,cg10762857,0.05747,Y,101.0
CCND3_P435_F,6,42017965,CCND3,cg22537023,0.10218,Y,-435.0
GNMT_P197_F,6,43036281,GNMT,cg04013093,0.138,Y,-197.0
GNMT_E126_F,6,43036604,GNMT,cg27591592,0.08282,Y,126.0
PTK7_E317_F,6,43152324,PTK7,cg21726633,0.79439,Y,317.0
GPR116_E328_R,6,46990497,GPR116,cg07914934,0.96335,N,328.0
GPR116_P850_F,6,46991675,GPR116,cg18891510,0.92959,N,-850.0
DST_E31_F,6,56816391,DST,cg26669318,0.05552,Y,31.0
DST_P262_R,6,56816684,DST,cg12152867,0.07396,Y,-262.0
HTR1B_E232_R,6,78229607,HTR1B,cg26034501,0.19662,Y,232.0
HTR1B_P107_F,6,78229946,HTR1B,cg23424273,0.48984,Y,-107.0
HTR1B_P222_F,6,78230061,HTR1B,cg06824029,0.04034,Y,-222.0
EPHA7_E6_F,6,94185987,EPHA7,cg20253378,0.05706,Y,6.0
EPHA7_P205_R,6,94186198,EPHA7,cg24188617,0.07531,Y,-205.0
CCNC_P132_R,6,100123543,CCNC,cg24043820,0.04564,Y,-132.0
FYN_P352_R,6,112301672,FYN,cg23412550,0.03784,Y,-352.0
FRK_P36_F,6,116488650,FRK,cg18764771,0.81413,N,-36.0
FRK_P258_F,6,116488872,FRK,cg26557270,0.84848,N,-258.0
CTGF_E156_F,6,132313999,CTGF,cg04628203,0.0339,Y,156.0
CTGF_P693_R,6,132314848,CTGF,cg15155239,0.92641,N,-693.0
EYA4_P794_F,6,133603412,EYA4,cg24842760,0.4718,Y,-794.0
EYA4_P508_F,6,133603698,EYA4,cg19148393,0.13981,Y,-508.0
EYA4_E277_F,6,133604483,EYA4,cg23916819,0.04934,Y,277.0
MYB_P673_R,6,135543473,MYB,cg18253802,0.11378,Y,-673.0
IFNGR1_P307_F,6,137582507,IFNGR1,cg26668632,0.04998,Y,-307.0
PLAGL1_E68_R,6,144371178,PLAGL1,cg12757684,0.80693,Y,-92.0
PLAGL1_P236_R,6,144371482,PLAGL1,cg11532302,0.75633,Y,-236.0
PLAGL1_P334_F,6,144371580,PLAGL1,cg23460430,0.80882,Y,-334.0
EPM2A_P64_R,6,146098748,EPM2A,cg17971650,0.03172,Y,-64.0
EPM2A_P113_F,6,146098797,EPM2A,cg04891988,0.1379,Y,-113.0
RAB32_P493_R,6,146906028,RAB32,cg01851450,0.14611,Y,-493.0
RAB32_E314_R,6,146906835,RAB32,cg21792703,0.06436,Y,314.0
ESR1_P151_R,6,152170228,ESR1,cg05171584,0.17238,Y,-151.0
ESR1_E298_R,6,152170677,ESR1,cg17191385,0.24616,Y,298.0
ER_seq_a1_S60_F,6,152170860,ESR1,cg16246567,0.38539,Y,481.0
MAS1_P657_R,6,160247307,MAS1,cg13390345,0.94453,N,-657.0
MAS1_P469_R,6,160247495,MAS1,cg04134973,0.94068,N,-469.0
IGF2R_P396_R,6,160309725,IGF2R,cg10401981,0.13957,Y,-396.0
SLC22A2_E271_R,6,160599678,SLC22A2,cg11769038,0.96827,Y,271.0
SLC22A2_P109_F,6,160600058,SLC22A2,cg21755969,0.82992,Y,-109.0
SLC22A3_P634_F,6,160688781,SLC22A3,cg13523841,0.69118,Y,-634.0
SLC22A3_P528_F,6,160688887,SLC22A3,cg23001073,0.35051,Y,-528.0
SLC22A3_E122_R,6,160689537,SLC22A3,cg01037838,0.12283,Y,122.0
PLG_P370_F,6,161042903,PLG,cg03709290,0.91599,N,-370.0
PLG_E406_F,6,161043679,PLG,cg17161407,0.94751,N,406.0
MLLT4_P1400_F,6,167969262,MLLT4,cg05462092,0.05181,Y,-1400.0
THBS2_E129_F,6,169395933,THBS2,cg05068443,0.03367,Y,129.0
THBS2_P605_R,6,169396667,THBS2,cg24654845,0.28739,N,-605.0
DLL1_P386_F,6,170441784,DLL1,cg20095428,0.03409,Y,-386.0
DLL1_P832_F,6,170442230,DLL1,cg10810632,0.21965,Y,-832.0
PDGFA_P78_F,7,525644,PDGFA,cg26073791,0.22189,Y,-78.0
PDGFA_P841_R,7,526407,PDGFA,cg18011616,0.04239,Y,-841.0
ICA1_P61_F,7,8268743,ICA1,cg18085299,0.03142,Y,-61.0
ICA1_P72_R,7,8268754,ICA1,cg20977170,0.07952,Y,-72.0
ETV1_P235_F,7,13995524,ETV1,cg01267644,0.04179,N,-235.0
ETV1_P515_F,7,13995804,ETV1,cg24347887,0.08642,Y,-515.0
AHR_P166_R,7,17304605,AHR,cg04616961,0.06513,Y,-166.0
AHR_E103_F,7,17304874,AHR,cg04315015,0.03336,Y,103.0
HDAC9_P137_R,7,18501757,HDAC9,cg08146609,0.12799,N,-137.0
HDAC9_E38_F,7,18501932,HDAC9,cg25620356,0.08113,N,38.0
TWIST1_E117_R,7,19123703,TWIST1,cg03005254,0.06498,Y,117.0
TWIST1_P44_R,7,19123864,TWIST1,cg12926104,0.05411,Y,-44.0
TWIST1_P355_R,7,19124175,TWIST1,cg01202666,0.0952,Y,-355.0
IL6_P611_F,7,22732734,IL6,cg26061582,0.07971,N,-611.0
IL6_P213_R,7,22733132,IL6,cg13802710,0.12412,N,-213.0
IL6_E168_F,7,22733513,IL6,cg05401786,0.17262,N,168.0
NPY_P295_F,7,24290039,NPY,cg20666532,0.07372,Y,-295.0
NPY_P91_F,7,24290243,NPY,cg20961293,0.0593,Y,-91.0
NPY_E31_R,7,24290365,NPY,cg25884711,0.43149,Y,31.0
HOXA5_E187_F,7,27149625,HOXA5,cg12041264,0.86543,Y,187.0
HOXA5_P479_F,7,27150291,HOXA5,cg27409178,0.90396,Y,-479.0
HOXA5_P1324_F,7,27151136,HOXA5,cg05640017,0.36989,Y,-1324.0
HOXA9_E252_R,7,27171422,HOXA9,cg10604830,0.1396,Y,252.0
HOXA9_P303_F,7,27171977,HOXA9,cg03715906,0.11274,Y,-303.0
HOXA9_P1141_R,7,27172815,HOXA9,cg15262939,0.08974,Y,-1141.0
HOXA11_E35_F,7,27191320,HOXA11,cg08479590,0.09783,Y,35.0
HOXA11_P92_R,7,27191447,HOXA11,cg18977999,0.11676,Y,-92.0
HOXA11_P698_F,7,27192053,HOXA11,cg17466857,0.2671,Y,-698.0
FLJ20712_P984_R,7,33731140,FLJ20712,cg05794098,0.80862,N,-984.0
GLI3_E148_R,7,42241564,GLI3,cg12211443,0.92809,N,148.0
GLI3_P453_R,7,42242165,GLI3,cg23194824,0.19418,Y,-453.0
IGFBP1_P12_R,7,45894472,IGFBP1,cg00110785,0.67305,Y,-12.0
IGFBP1_E48_R,7,45894532,IGFBP1,cg20666158,0.67935,Y,48.0
IGFBP3_E65_R,7,45927331,IGFBP3,cg14625938,0.03546,Y,65.0
IGFBP3_P423_R,7,45927819,IGFBP3,cg12826145,0.03835,Y,-423.0
IGFBP3_P1035_F,7,45928431,IGFBP3,cg05094933,0.03306,Y,-1035.0
ZNFN1A1_P179_F,7,50411546,ZNFN1A1,cg18789786,0.97032,N,-179.0
ZNFN1A1_E102_F,7,50411827,ZNFN1A1,cg16550878,0.84072,Y,102.0
GRB10_E85_R,7,50828567,GRB10,cg15683318,0.12069,Y,85.0
GRB10_P260_F,7,50828912,GRB10,cg20651681,0.03253,Y,-260.0
GRB10_P496_R,7,50829148,GRB10,cg19392396,0.2423,Y,-496.0
EGFR_P260_R,7,55053959,EGFR,cg24522859,0.10321,Y,-260.0
EGFR_E295_R,7,55054514,EGFR,cg03543118,0.03006,Y,295.0
FZD9_P175_F,7,72485870,FZD9,cg01706139,0.35307,Y,-175.0
FZD9_P15_R,7,72486030,FZD9,cg27059250,0.05872,Y,-15.0
FZD9_E458_F,7,72486503,FZD9,cg25707686,0.20236,Y,458.0
CLDN4_P1120_R,7,72882009,CLDN4,cg14826417,0.89328,N,-1120.0
LIMK1_P709_R,7,73135383,LIMK1,cg07053434,0.9126,N,-709.0
ZP3_P220_F,7,75864584,ZP3,cg14667235,0.86723,N,-220.0
ZP3_E90_F,7,75864894,ZP3,cg21988999,0.04579,Y,90.0
SEMA3C_E49_R,7,80386554,SEMA3C,cg08098035,0.07395,Y,49.0
SEMA3C_P642_F,7,80387245,SEMA3C,cg03445665,0.41372,N,-642.0
HGF_E102_R,7,81237286,HGF,cg08988647,0.07003,N,102.0
HGF_P1293_R,7,81238681,HGF,cg14690980,0.96201,N,-1293.0
SEMA3A_P343_F,7,83662191,SEMA3A,cg16346212,0.10155,N,-343.0
SEMA3A_P658_R,7,83662506,SEMA3A,cg00927350,0.40953,N,-658.0
ABCB4_E429_F,7,86947255,ABCB4,cg05279864,0.94884,N,429.0
ABCB4_P51_F,7,86947735,ABCB4,cg18655915,0.9508,N,-51.0
ABCB4_P892_F,7,86948576,ABCB4,cg02810586,0.91792,N,-892.0
MDR1_seq_42_S300_R,7,87068270,ABCB1,cg25735094,0.05419,Y,
CDK6_E256_F,7,92300892,CDK6,cg19493914,0.14215,Y,256.0
CDK6_P291_R,7,92301439,CDK6,cg22184962,0.03177,Y,-1465.0
TFPI2_E141_F,7,93357860,TFPI2,cg23686014,0.05237,Y,141.0
TFPI2_P9_F,7,93358010,TFPI2,cg16934178,0.04526,Y,-9.0
TFPI2_P152_R,7,93358153,TFPI2,cg12005526,0.10969,Y,-152.0
COL1A2_P407_R,7,93861402,COL1A2,cg16337370,0.54512,N,-407.0
COL1A2_P48_R,7,93861761,COL1A2,cg26942275,0.09713,Y,-48.0
COL1A2_E299_F,7,93862108,COL1A2,cg22877867,0.14219,Y,299.0
PEG10_P978_R,7,94122646,PEG10,cg07861337,0.11403,Y,-978.0
SGCE_E149_F,7,94123265,SGCE,cg23616761,0.08967,Y,-359.0
SGCE_P250_R,7,94123664,SGCE,cg26050163,0.89578,Y,40.0
ASB4_P391_F,7,94952829,ASB4,cg06784129,0.92117,N,-391.0
ASB4_P52_R,7,94953168,ASB4,cg19100779,0.94016,N,-52.0
ASB4_E89_F,7,94953309,ASB4,cg14154704,0.92839,N,89.0
LMTK2_P1034_F,7,97573099,LMTK2,cg09406250,0.65004,N,-1034.0
EPO_P162_R,7,100156197,EPO,cg18996250,0.49308,Y,-162.0
EPO_E244_R,7,100156603,EPO,cg13036038,0.11,Y,244.0
EPHB4_E476_R,7,100262603,EPHB4,cg23143416,0.58436,Y,476.0
EPHB4_P313_R,7,100263392,EPHB4,cg22614265,0.08409,Y,-313.0
TRIP6_P1274_R,7,100301707,TRIP6,cg06647679,0.60179,Y,-1274.0
TRIP6_P1090_F,7,100301891,TRIP6,cg09357642,0.74173,Y,-1090.0
TRIP6_E33_F,7,100303014,TRIP6,cg23753251,0.16179,Y,33.0
SERPINE1_P519_F,7,100556653,SERPINE1,cg19722814,0.20833,N,-519.0
SERPINE1_E189_R,7,100557361,SERPINE1,cg10678915,0.25497,Y,189.0
LAMB1_E144_R,7,107430896,LAMB1,cg24971900,0.16967,Y,144.0
TES_P182_F,7,115637635,TES,cg00626984,0.24667,Y,-182.0
TES_E172_F,7,115637989,TES,cg14204458,0.18987,Y,172.0
CAV2_E33_R,7,115926713,CAV2,cg26774312,0.02868,Y,33.0
CAV1_P169_F,7,115951906,CAV1,cg07838272,0.32087,Y,-169.0
CAV1_P130_R,7,115951945,CAV1,cg24980893,0.14898,Y,-130.0
MET_E333_F,7,116100028,MET,cg24548568,0.5293,Y,333.0
WNT2_P217_F,7,116750796,WNT2,cg02655774,0.10868,Y,-217.0
CFTR_P372_R,7,116906881,CFTR,cg24329417,0.40448,Y,-372.0
CFTR_P115_F,7,116907138,CFTR,cg05270674,0.04444,Y,-115.0
IRF5_P123_F,7,128365107,IRF5,cg20139768,0.08923,Y,-123.0
IRF5_E101_F,7,128365331,IRF5,cg02343258,0.12667,Y,101.0
SMO_P455_R,7,128615494,SMO,cg23925992,0.03905,Y,-455.0
SMO_E57_F,7,128616006,SMO,cg13659980,0.04508,Y,57.0
CPA4_P1265_R,7,129718965,CPA4,cg00845900,0.94045,N,-1265.0
CPA4_P961_R,7,129719269,CPA4,cg26442210,0.85148,N,-961.0
CPA4_E20_F,7,129720250,CPA4,cg01796223,0.67805,N,20.0
MEST_P62_R,7,129913220,MEST,cg07409197,0.57174,Y,-62.0
MEST_P4_F,7,129913278,MEST,cg20632786,0.76248,Y,-4.0
MEST_E150_F,7,129913432,MEST,cg05241978,0.38022,Y,150.0
COPG2_P298_F,7,130004406,COPG2,cg21921666,0.03517,Y,-298.0
PODXL_P1341_R,7,130893249,PODXL,cg03748590,0.0629,Y,-1341.0
PRSS1_P1249_R,7,142135655,PRSS1,cg09471643,0.80606,N,-1249.0
PRSS1_E45_R,7,142136949,PRSS1,cg16567953,0.88423,N,45.0
EPHB6_P827_R,7,142262087,EPHB6,cg01125514,0.03313,Y,-827.0
EPHB6_E342_F,7,142263256,EPHB6,cg22195019,0.0747,Y,342.0
CASP2_P192_F,7,142695332,CASP2,cg26050838,0.0365,Y,-192.0
EPHA1_E46_R,7,142816061,EPHA1,cg14407047,0.11342,Y,46.0
EPHA1_P119_R,7,142816226,EPHA1,cg22178045,0.10568,Y,-119.0
NOS3_P38_F,7,150319042,NOS3,cg04071701,0.9118,N,-38.0
FASTK_P257_F,7,150409141,FASTK,cg01139039,0.1109,Y,-257.0
FASTK_P598_R,7,150409482,FASTK,cg22085103,0.75848,Y,-598.0
XRCC2_P1077_F,7,152005260,XRCC2,cg01999235,0.96429,N,-1077.0
SHH_E328_F,7,155297400,SHH,cg02023134,0.22986,Y,328.0
SHH_P104_R,7,155297832,SHH,cg06981396,0.07359,Y,-104.0
BLK_P668_R,8,11388262,BLK,cg15742700,0.96085,N,-668.0
BLK_P14_F,8,11388916,BLK,cg22826986,0.84594,N,-14.0
DLC1_E276_F,8,13416490,DLC1,cg24545888,0.6154,N,276.0
DLC1_P88_R,8,13416854,DLC1,cg08768218,0.60443,N,-88.0
DLC1_P695_F,8,13417461,DLC1,cg00933411,0.78114,N,-695.0
TUSC3_P85_R,8,15442016,TUSC3,cg17170317,0.10377,Y,-85.0
TUSC3_E29_R,8,15442130,TUSC3,cg10249582,0.06658,Y,29.0
NAT2_P11_F,8,18293024,NAT2,cg07102632,0.81103,N,-11.0
SFTPC_E13_F,8,22075126,SFTPC,cg11540705,0.8307,N,13.0
TNFRSF10B_E198_R,8,22982439,TNFRSF10B,cg07508317,0.16535,Y,198.0
TNFRSF10B_P108_R,8,22982745,TNFRSF10B,cg26918957,0.08709,Y,-108.0
TNFRSF10C_P612_R,8,23015767,TNFRSF10C,cg06346860,0.95459,N,-612.0
TNFRSF10C_P7_F,8,23016372,TNFRSF10C,cg23831143,0.10074,Y,-7.0
TNFRSF10C_E109_F,8,23016488,TNFRSF10C,cg05937208,0.05233,Y,109.0
TNFRSF10D_E27_F,8,23077458,TNFRSF10D,cg01031400,0.05251,Y,27.0
TNFRSF10D_P70_F,8,23077555,TNFRSF10D,cg04134048,0.13256,Y,-70.0
TNFRSF10A_P91_F,8,23138675,TNFRSF10A,cg25641272,0.21294,Y,-10.0
TNFRSF10A_P171_F,8,23138755,TNFRSF10A,cg00990613,0.1581,Y,70.0
NKX3-1_P146_F,8,23596541,NKX3-1,cg04902123,0.07437,Y,-146.0
NKX3-1_P871_R,8,23597266,NKX3-1,cg01716041,0.95329,N,-871.0
NEFL_E23_R,8,24869923,NEFL,cg00987688,0.29577,Y,23.0
NEFL_P209_R,8,24870155,NEFL,cg05876319,0.11952,Y,-209.0
PTK2B_P673_R,8,27224243,PTK2B,cg17346886,0.03339,Y,
DUSP4_E61_F,8,29264043,DUSP4,cg13071058,0.16604,Y,61.0
DUSP4_P925_R,8,29265029,DUSP4,cg24336078,0.02817,Y,-925.0
WRN_P969_F,8,31009351,WRN,cg19052693,0.92922,Y,-969.0
WRN_E57_F,8,31010377,WRN,cg27071045,0.10152,Y,396.0
NRG1_P558_R,8,32524737,NRG1,cg12863621,0.05074,Y,-558.0
NRG1_E74_F,8,32525369,NRG1,cg25833018,0.03608,Y,74.0
FGFR1_E317_F,8,38444976,FGFR1,cg05405947,0.118,Y,317.0
FGFR1_P204_F,8,38445497,FGFR1,cg20658205,0.1157,Y,-204.0
SFRP1_E398_R,8,41285739,SFRP1,cg27086426,0.02465,Y,398.0
SFRP1_P157_F,8,41286294,SFRP1,cg15881237,0.12148,Y,-157.0
PLAT_E158_F,8,42184193,PLAT,cg00024388,0.51291,N,158.0
PLAT_P80_F,8,42184431,PLAT,cg02252925,0.12862,N,-80.0
SOX17_P303_F,8,55532745,SOX17,cg09626193,0.11763,Y,-303.0
SOX17_P287_R,8,55532761,SOX17,cg19346665,0.30388,Y,-287.0
LYN_P241_F,8,56954685,LYN,cg04283851,0.08541,Y,-241.0
LYN_E353_F,8,56955279,LYN,cg07158612,0.22119,Y,353.0
MOS_E60_R,8,57189035,MOS,cg09241196,0.13362,Y,60.0
MOS_P27_R,8,57189122,MOS,cg05661838,0.0536,Y,-27.0
MOS_P746_F,8,57189841,MOS,cg27002178,0.77263,N,-746.0
PENK_E26_F,8,57521117,PENK,cg25021837,0.19152,Y,26.0
PENK_P447_R,8,57521590,PENK,cg07433146,0.03391,Y,-447.0
E2F5_P516_R,8,86276358,E2F5,cg04207142,0.73438,Y,-516.0
RIPK2_E123_F,8,90839296,RIPK2,cg11343947,0.05946,Y,123.0
RUNX1T1_E145_R,8,93176474,RUNX1T1,cg07538339,0.57711,N,145.0
RUNX1T1_P103_F,8,93176722,RUNX1T1,cg13659823,0.35278,Y,-103.0
CDH17_E31_F,8,95289955,CDH17,cg14353573,0.92523,N,31.0
CDH17_P376_F,8,95290362,CDH17,cg00368292,0.94205,N,-376.0
CDH17_P532_F,8,95290518,CDH17,cg01803859,0.96397,N,-532.0
RAD54B_P227_F,8,95556713,RAD54B,cg22204387,0.11562,Y,-227.0
EXT1_E197_F,8,119193042,EXT1,cg27085164,0.09496,Y,197.0
PTK2_P735_R,8,142081249,PTK2,cg07723484,0.03765,Y,-735.0
PSCA_P135_F,8,143758780,PSCA,cg15098809,0.81544,N,-135.0
PSCA_E359_F,8,143759274,PSCA,cg20546389,0.5483,N,359.0
GML_P281_R,8,143912938,GML,cg20178722,0.9438,N,-281.0
GML_E144_F,8,143913363,GML,cg21475536,0.33256,Y,144.0
JAK2_P772_R,9,4974473,JAK2,cg25899328,0.06684,Y,-772.0
PSIP1_P163_R,9,15501145,PSIP1,cg13330618,0.071,Y,-163.0
MLLT3_E93_R,9,20612357,MLLT3,cg18264687,0.02843,Y,93.0
p16_seq_47_S188_R,9,21964709,CDKN2A,cg05238395,0.03001,Y,
p16_seq_47_S85_F,9,21964812,CDKN2A,cg17449661,0.77278,Y,
CDKN2A_E121_R,9,21984369,CDKN2A,cg16207427,0.08688,Y,121.0
CDKN2B_seq_50_S294_F,9,21999010,CDKN2B,cg25030222,0.03397,Y,302.0
CDKN2B_E220_F,9,21999092,CDKN2B,cg18731427,0.05911,Y,220.0
TEK_P526_F,9,27098915,TEK,cg04687350,0.74547,N,-526.0
TEK_P479_R,9,27098962,TEK,cg18721075,0.86943,N,-479.0
TEK_E75_F,9,27099516,TEK,cg05749772,0.64095,N,75.0
FANCG_E207_R,9,35069806,FANCG,cg01889055,0.13043,Y,207.0
NPR2_P1093_F,9,35781313,NPR2,cg17151902,0.85229,Y,-1093.0
NPR2_P618_F,9,35781788,NPR2,cg02519855,0.13939,Y,-618.0
SHB_P473_R,9,38059683,SHB,cg16093627,0.0228,Y,-473.0
SHB_P691_R,9,38059901,SHB,cg19574087,0.25753,Y,-691.0
TJP2_P518_F,9,70978391,TJP2,cg16782205,0.20844,Y,-518.0
TJP2_P330_R,9,70978579,TJP2,cg04003500,0.08298,Y,-330.0
APBA1_E99_R,9,71476943,APBA1,cg18505908,0.03437,Y,99.0
APBA1_P644_F,9,71477686,APBA1,cg05223973,0.04541,Y,-644.0
NTRK2_P395_R,9,86472891,NTRK2,cg07764593,0.03382,Y,-656.0
NTRK2_P10_F,9,86473276,NTRK2,cg23399093,0.0421,Y,-271.0
GAS1_E22_F,9,88751902,GAS1,cg27043343,0.0443,Y,22.0
GAS1_P754_R,9,88752678,GAS1,cg25746229,0.03865,Y,-754.0
DAPK1_P345_R,9,89302271,DAPK1,cg17784577,0.03697,Y,-345.0
DAPK1_P10_F,9,89302606,DAPK1,cg01984172,0.07198,Y,-10.0
DAPK1_E46_R,9,89302662,DAPK1,cg22630196,0.21367,Y,46.0
CTSL_P264_R,9,89530536,CTSL,cg20035138,0.26573,Y,-264.0
CTSL_P81_F,9,89530719,CTSL,cg04737987,0.03826,Y,-81.0
SYK_P584_F,9,92603307,SYK,cg06713470,0.6495,N,-584.0
SYK_E372_F,9,92604263,SYK,cg25028614,0.04409,Y,372.0
ROR2_E112_F,9,93752153,ROR2,cg25776538,0.13417,Y,112.0
ROR2_P317_R,9,93752582,ROR2,cg11653203,0.05525,Y,-317.0
PTCH_E42_F,9,97310610,PTCH,cg19830282,0.04348,Y,42.0
TMEFF1_P626_R,9,102274912,TMEFF1,cg20925051,0.60664,Y,-626.0
TMEFF1_P234_F,9,102275304,TMEFF1,cg24890679,0.07413,Y,-234.0
TMEFF1_E180_R,9,102275718,TMEFF1,cg00965425,0.0322,Y,180.0
ABCA1_E120_R,9,106730137,ABCA1,cg24415731,0.02715,Y,120.0
ABCA1_P45_F,9,106730302,ABCA1,cg26272837,0.03326,Y,-45.0
PALM2-AKAP2_P420_R,9,111581990,PALM2-AKAP2,cg12992456,0.08865,Y,-550.0
PALM2-AKAP2_P183_R,9,111582227,PALM2-AKAP2,cg21898539,0.07114,Y,-313.0
MUSK_P308_F,9,112470652,MUSK,cg22051739,0.86817,N,-308.0
TNFSF8_E258_R,9,116732333,TNFSF8,cg09980061,0.8479,N,258.0
TNFSF8_P184_F,9,116732775,TNFSF8,cg19343707,0.58165,Y,-184.0
TNC_P57_F,9,116920317,TNC,cg01250769,0.0508,Y,-57.0
TNC_P198_F,9,116920458,TNC,cg22480835,0.2393,Y,-198.0
DBC1_E204_F,9,121171318,DBC1,cg06602847,0.10171,Y,204.0
DBC1_P351_R,9,121171873,DBC1,cg14445814,0.02275,Y,-351.0
DAB2IP_P9_F,9,123501461,DAB2IP,cg27650175,0.05137,Y,-9.0
DAB2IP_E18_R,9,123501488,DAB2IP,cg13907787,0.14411,Y,18.0
PTGS1_P2_F,9,124173048,PTGS1,cg05658254,0.05374,Y,-2.0
PTGS1_E80_F,9,124173130,PTGS1,cg04028914,0.17406,Y,80.0
LCN2_P141_R,9,129951398,LCN2,cg14615559,0.88239,N,-141.0
LCN2_P86_R,9,129951453,LCN2,cg24638195,0.71214,N,-86.0
ABL1_P53_F,9,132579036,ABL1,cg25211462,0.08191,Y,-53.0
ABO_E110_F,9,135140341,ABO,cg01511667,0.13067,Y,110.0
ABO_P312_F,9,135140763,ABO,cg27345669,0.10428,Y,-312.0
VAV2_E58_F,9,135847168,VAV2,cg00450851,0.06569,Y,58.0
VAV2_P1182_F,9,135848408,VAV2,cg20425899,0.04162,Y,-1182.0
NOTCH1_E452_R,9,138559607,NOTCH1,cg17501216,0.03219,Y,452.0
NOTCH1_P1198_F,9,138561257,NOTCH1,cg26924342,0.06913,Y,-1198.0
DNMT2_P199_F,10,17283886,DNMT2,cg19579782,0.85005,Y,-199.0
VIM_P811_R,10,17310493,VIM,cg01393634,0.03051,Y,-811.0
VIM_P343_R,10,17310961,VIM,cg07185035,0.04362,Y,-343.0
PLXDC2_P914_R,10,20144464,PLXDC2,cg22660101,0.11073,Y,-914.0
PLXDC2_E337_F,10,20145715,PLXDC2,cg16953926,0.0642,Y,337.0
PCGF4_P760_R,10,22649386,PCGF4,cg26800126,0.17278,Y,-760.0
PCGF4_P92_R,10,22650054,PCGF4,cg04657605,0.13317,Y,-92.0
MAP3K8_P1036_F,10,30761836,MAP3K8,cg21555918,0.76555,Y,-1036.0
ITGB1_P451_F,10,33287655,ITGB1,cg03222924,0.19737,Y,-451.0
RET_P717_F,10,42891816,RET,cg21859545,0.03864,N,-717.0
RET_seq_53_S374_F,10,42892087,RET,cg01812049,0.12076,Y,-446.0
RET_seq_54_S260_F,10,42892544,RET,cg23241367,0.03898,Y,11.0
GDF10_E39_F,10,48059133,GDF10,cg16738009,0.27666,Y,39.0
GDF10_P95_R,10,48059267,GDF10,cg03251024,0.15508,Y,-95.0
ERCC6_P698_R,10,50417776,ERCC6,cg05380429,0.55071,Y,-698.0
PLAU_P176_R,10,75340720,PLAU,cg26457761,0.13168,Y,-176.0
PLAU_P11_F,10,75340885,PLAU,cg04950292,0.11755,Y,-11.0
SFTPA1_P421_F,10,81360243,SFTPA1,cg27452691,0.91311,N,-421.0
SFTPA1_E340_R,10,81361004,SFTPA1,cg17981088,0.97323,N,340.0
SFTPD_E169_F,10,81698672,SFTPD,cg21099739,0.93187,N,169.0
BMPR1A_P956_F,10,88505420,BMPR1A,cg27487510,0.02135,Y,-956.0
BMPR1A_E88_F,10,88506464,BMPR1A,cg14602437,0.8047,Y,88.0
SNCG_P98_R,10,88708297,SNCG,cg03677069,0.65626,Y,-98.0
SNCG_P53_F,10,88708342,SNCG,cg12027410,0.60486,Y,-53.0
SNCG_E119_F,10,88708514,SNCG,cg26738310,0.53328,N,119.0
PTEN_P438_F,10,89612737,PTEN,cg09214843,0.02949,Y,-438.0
FAS_P322_R,10,90739946,FAS,cg15774510,0.0566,N,-322.0
FAS_P65_F,10,90740203,FAS,cg13757224,0.06191,Y,-65.0
ABCC2_P88_F,10,101532473,ABCC2,cg08067239,0.95197,N,-88.0
ABCC2_E16_R,10,101532577,ABCC2,cg14947634,0.80685,N,16.0
WNT8B_P216_R,10,102212572,WNT8B,cg05452625,0.95352,N,-216.0
WNT8B_E487_F,10,102213275,WNT8B,cg16763828,0.89675,N,487.0
FGF8_E183_F,10,103525634,FGF8,cg02429245,0.04789,Y,183.0
FGF8_P473_F,10,103526290,FGF8,cg15208541,0.04695,Y,-473.0
NFKB2_P709_R,10,104144744,NFKB2,cg23201134,0.09119,Y,-709.0
MXI1_P1269_F,10,111956084,MXI1,cg07262395,0.76383,Y,-1269.0
MXI1_P75_R,10,111957278,MXI1,cg21891273,0.13311,Y,-75.0
TCF7L2_P193_R,10,114700008,TCF7L2,cg04266779,0.02718,Y,-193.0
TCF7L2_E411_F,10,114700612,TCF7L2,cg21844364,0.02807,Y,411.0
FGFR2_P266_R,10,123348173,FGFR2,cg02179499,0.04256,Y,-266.0
FGFR2_P460_R,10,123348367,FGFR2,cg04640037,0.4917,Y,-460.0
OAT_P465_F,10,126097906,OAT,cg10231486,0.31828,Y,-465.0
MGMT_P281_F,10,131155175,MGMT,cg17480470,0.05145,Y,-281.0
MGMT_P272_R,10,131155184,MGMT,cg01900912,0.12205,Y,-272.0
CYP2E1_P416_F,10,135190441,CYP2E1,cg17336072,0.95232,N,-416.0
CYP2E1_E53_R,10,135190910,CYP2E1,cg23093817,0.88521,N,53.0
IRF7_E236_R,11,605691,IRF7,cg11519262,0.29865,Y,236.0
IRF7_P277_R,11,606204,IRF7,cg01030720,0.03512,Y,-277.0
CTSD_P726_F,11,1742524,CTSD,cg08798756,0.73639,Y,-726.0
H19_P541_F,11,1976182,H19,cg15886040,0.24318,Y,-541.0
H19_P1411_R,11,1977052,H19,cg25583987,0.86957,Y,-1411.0
IGF2_E134_R,11,2116444,IGF2,cg10649864,0.03546,Y,134.0
IGF2_P36_R,11,2116614,IGF2,cg17626526,0.13854,Y,-36.0
IGF2_P1036_R,11,2117614,IGF2,cg04741015,0.06703,Y,-709.0
IGF2AS_P203_F,11,2118120,IGF2AS,cg14188639,0.30135,Y,-203.0
IGF2AS_E4_F,11,2118327,IGF2AS,cg16130058,0.3745,Y,4.0
INS_P248_F,11,2139248,INS,cg24338752,0.90776,N,-248.0
INS_P804_R,11,2139804,INS,cg13349859,0.9508,N,-804.0
ASCL2_E76_R,11,2248682,ASCL2,cg22073478,0.08982,Y,76.0
ASCL2_P360_F,11,2249118,ASCL2,cg15376678,0.07592,Y,-360.0
ASCL2_P609_R,11,2249367,ASCL2,cg00868120,0.25352,Y,-609.0
CD81_P272_R,11,2354851,CD81,cg26129028,0.61661,Y,-272.0
CD81_P211_F,11,2354912,CD81,cg04069951,0.228,Y,-211.0
TRPM5_E87_F,11,2400764,TRPM5,cg01581060,0.9292,N,87.0
TRPM5_P721_F,11,2401572,TRPM5,cg03982381,0.79155,N,-721.0
TRPM5_P979_F,11,2401830,TRPM5,cg19265431,0.90151,N,-979.0
KCNQ1_P546_R,11,2422251,KCNQ1,cg08511952,0.23559,Y,-546.0
KCNQ1_E349_R,11,2423146,KCNQ1,cg19576908,0.11679,Y,349.0
CDKN1C_P6_R,11,2863557,CDKN1C,cg08331513,0.18127,Y,-6.0
CDKN1C_P626_F,11,2864177,CDKN1C,cg17511511,0.10424,Y,-626.0
SLC22A18_P472_R,11,2877055,SLC22A18,cg11213910,0.86353,N,-472.0
SLC22A18_P216_R,11,2877311,SLC22A18,cg25427871,0.58683,N,-216.0
PHLDA2_E159_R,11,2907067,PHLDA2,cg18242686,0.12379,Y,159.0
PHLDA2_P622_F,11,2907848,PHLDA2,cg07667013,0.33031,Y,-622.0
CCKBR_P480_F,11,6237062,CCKBR,cg08254087,0.03585,Y,-480.0
CCKBR_P361_R,11,6237181,CCKBR,cg10802353,0.03644,Y,-361.0
PRKCDBP_E206_F,11,6298110,PRKCDBP,cg03953093,0.0382,Y,206.0
PRKCDBP_P352_R,11,6298668,PRKCDBP,cg21590521,0.12935,Y,-352.0
ZNF215_P129_R,11,6904101,ZNF215,cg01684596,0.11687,Y,-129.0
ZNF215_P71_R,11,6904159,ZNF215,cg17958423,0.30337,Y,-71.0
LMO1_E265_R,11,8241717,LMO1,cg14911494,0.07436,Y,265.0
LMO1_P169_F,11,8242151,LMO1,cg18564041,0.0287,Y,-169.0
WEE1_P924_R,11,9549992,WEE1,cg15071685,0.9475,N,-924.0
CALCA_E174_R,11,14950234,CALCA,cg09068492,0.20538,Y,174.0
CALCA_P75_F,11,14950483,CALCA,cg14988155,0.07704,Y,-75.0
CALCA_P171_F,11,14950579,CALCA,cg24117998,0.43883,Y,-171.0
MYOD1_P50_F,11,17697685,MYOD1,cg27060180,0.18595,Y,-50.0
MYOD1_E156_F,11,17697891,MYOD1,cg20325846,0.06398,Y,156.0
TSG101_P139_R,11,18505204,TSG101,cg26623416,0.08972,Y,-139.0
TSG101_P257_R,11,18505322,TSG101,cg17431513,0.21914,Y,-257.0
FANCF_P13_F,11,22603976,FANCF,cg11500391,0.02828,Y,-13.0
BDNF_E19_R,11,27699853,BDNF,cg17037622,0.11689,Y,19.0
BDNF_P259_R,11,27700131,BDNF,cg18882544,0.14314,Y,-259.0
PAX6_E129_F,11,31789326,PAX6,cg25893336,0.10665,Y,129.0
PAX6_P50_R,11,31789505,PAX6,cg06727689,0.03996,Y,-50.0
PAX6_P1121_F,11,31790576,PAX6,cg10185808,0.06651,Y,-1121.0
WT1_E32_F,11,32413631,WT1,cg20134916,0.03239,Y,32.0
WT1_P853_F,11,32414516,WT1,cg08219028,0.07862,Y,-853.0
LMO2_E148_F,11,33870264,LMO2,cg22902574,0.86067,N,148.0
LMO2_P794_R,11,33871206,LMO2,cg02028355,0.85501,N,-794.0
CD44_P87_F,11,35116906,CD44,cg20143092,0.0888,Y,-87.0
CD44_E26_F,11,35117019,CD44,cg13656027,0.03015,Y,26.0
HSD17B12_P97_F,11,43658784,HSD17B12,cg12574690,0.04816,Y,-97.0
HSD17B12_E145_R,11,43659026,HSD17B12,cg23745162,0.04777,Y,145.0
CD82_P557_R,11,44543160,CD82,cg24700286,0.11999,Y,-557.0
DDB2_P613_R,11,47192476,DDB2,cg19486271,0.10602,Y,-613.0
DDB2_P407_F,11,47192682,DDB2,cg06860950,0.16122,Y,-407.0
SPI1_E205_F,11,47356469,SPI1,cg07675031,0.50182,Y,205.0
SPI1_P48_F,11,47356722,SPI1,cg03565868,0.84404,N,-48.0
SPI1_P929_F,11,47357603,SPI1,cg04692506,0.87702,N,-929.0
VEGFB_P658_F,11,63758184,VEGFB,cg03028312,0.06068,Y,-658.0
KCNK4_P171_R,11,63815280,KCNK4,cg25881850,0.54942,N,-171.0
KCNK4_E3_F,11,63815454,KCNK4,cg01352108,0.30593,Y,3.0
GSTP1_P74_F,11,67107788,GSTP1,cg10783184,0.07987,Y,-74.0
GSTP1_seq_38_S153_R,11,67107814,GSTP1,cg16488483,0.0387,Y,-48.0
GSTP1_E322_R,11,67108184,GSTP1,cg09038676,0.03661,Y,322.0
CCND1_P343_R,11,69164711,CCND1,cg09551996,0.1062,Y,-343.0
CCND1_E280_R,11,69165334,CCND1,cg08247756,0.07037,Y,280.0
FGF3_E198_R,11,69342931,FGF3,cg12845334,0.02178,Y,198.0
FGF3_P171_R,11,69343300,FGF3,cg15119027,0.09222,Y,-171.0
CTTN_E29_R,11,69922321,CTTN,cg16684429,0.09659,Y,29.0
IL18BP_P51_R,11,71387536,IL18BP,cg08430407,0.50768,N,-51.0
IL18BP_E285_F,11,71387872,IL18BP,cg24976110,0.83206,N,285.0
FOLR1_E368_R,11,71578618,FOLR1,cg15274870,0.93914,N,368.0
LRRC32_E157_F,11,76058386,LRRC32,cg24088597,0.95722,N,157.0
LRRC32_P865_R,11,76059408,LRRC32,cg06412573,0.03732,Y,-865.0
PGR_E183_R,11,100506282,PGR,cg24886336,0.90956,N,183.0
PGR_P456_R,11,100506921,PGR,cg00173799,0.92697,N,-456.0
PGR_P790_F,11,100507255,PGR,cg01987509,0.79636,N,-790.0
MMP7_E59_F,11,101906629,MMP7,cg10521988,0.2486,N,59.0
MMP7_P613_F,11,101907301,MMP7,cg20645973,0.86832,N,-613.0
MMP8_E89_R,11,102100779,MMP8,cg04241713,0.71849,N,89.0
MMP10_E136_R,11,102156418,MMP10,cg02061229,0.68212,N,136.0
MMP1_P397_R,11,102174501,MMP1,cg16575408,0.97196,N,-397.0
MMP1_P460_F,11,102174564,MMP1,cg18733315,0.97285,N,-460.0
MMP3_P16_R,11,102219568,MMP3,cg16466334,0.93453,N,-16.0
MMP3_P55_F,11,102219607,MMP3,cg01026111,0.88008,N,-55.0
PPP2R1B_P268_R,11,111142647,PPP2R1B,cg25733613,0.06013,Y,-268.0
IGSF4_P86_R,11,114880411,IGSF4,cg21658836,0.13324,Y,-86.0
IGSF4_P454_F,11,114880779,IGSF4,cg05357252,0.02506,Y,-454.0
APOA1_P75_F,11,116213623,APOA1,cg09558982,0.86269,N,-75.0
APOA1_P261_F,11,116213809,APOA1,cg17542807,0.84289,N,-261.0
TMPRSS4_P552_F,11,117452424,TMPRSS4,cg26118131,0.90966,N,-552.0
TMPRSS4_E83_F,11,117453059,TMPRSS4,cg13233515,0.94682,N,83.0
MCAM_P169_R,11,118693219,MCAM,cg13567839,0.05801,Y,-169.0
MCAM_P265_R,11,118693315,MCAM,cg19017850,0.23252,Y,-265.0
THY1_P20_R,11,118799110,THY1,cg11980653,0.42194,Y,-20.0
THY1_P149_R,11,118799239,THY1,cg18809507,0.1059,Y,-149.0
TRIM29_E189_F,11,119513884,TRIM29,cg26414304,0.90033,Y,189.0
TRIM29_P135_F,11,119514208,TRIM29,cg24593464,0.92259,N,-135.0
TRIM29_P261_F,11,119514334,TRIM29,cg13907859,0.93345,N,-261.0
ETS1_E253_R,11,127897118,ETS1,cg14998713,0.26019,Y,253.0
ETS1_P559_R,11,127897930,ETS1,cg22707588,0.03181,Y,-559.0
FLI1_P620_R,11,128068579,FLI1,cg26979016,0.18272,Y,-620.0
FLI1_E29_F,11,128069228,FLI1,cg20448922,0.14581,Y,29.0
OPCML_E219_R,11,132907394,OPCML,cg19151121,0.06624,Y,219.0
OPCML_P71_F,11,132907684,OPCML,cg00738841,0.26362,N,-71.0
CCND2_P898_R,12,4252301,CCND2,cg23124313,0.03406,Y,-898.0
CCND2_P887_F,12,4252312,CCND2,cg00814733,0.03514,Y,-887.0
FGF6_E294_F,12,4424747,FGF6,cg10815012,0.94363,Y,294.0
FGF6_P139_R,12,4425180,FGF6,cg01392242,0.92908,Y,-139.0
CD9_P585_R,12,6179231,CD9,cg19415774,0.31353,Y,-585.0
CD9_P504_F,12,6179312,CD9,cg01573484,0.09339,Y,-504.0
CD9_E14_R,12,6179830,CD9,cg04502700,0.05694,Y,14.0
TNFRSF1A_P678_F,12,6322200,TNFRSF1A,cg18805708,0.84021,N,-678.0
PTPN6_P282_R,12,6925719,PTPN6,cg15975802,0.8826,N,-282.0
PTPN6_E171_R,12,6926172,PTPN6,cg00788854,0.41246,Y,171.0
ETV6_E430_F,12,11694485,ETV6,cg01434690,0.06732,Y,430.0
CDKN1B_P1161_F,12,12760415,CDKN1B,cg00334827,0.02804,N,-1161.0
ARHGDIB_P148_R,12,15005977,ARHGDIB,cg15450139,0.53765,N,-148.0
PTPRO_P371_F,12,15366383,PTPRO,cg25816184,0.2442,N,-371.0
PTPRO_E56_F,12,15366810,PTPRO,cg23147819,0.03014,Y,56.0
EPS8_E231_F,12,15833370,EPS8,cg20552127,0.27352,Y,231.0
EPS8_P437_F,12,15834038,EPS8,cg15143831,0.11649,Y,-437.0
IAPP_E280_F,12,21417365,IAPP,cg18727468,0.95348,N,280.0
KRAS_E82_F,12,25295039,KRAS,cg26129757,0.68453,Y,82.0
KRAS_P651_F,12,25295772,KRAS,cg14647765,0.06305,Y,-651.0
ITPR2_P804_F,12,26878202,ITPR2,cg06767844,0.09158,Y,-804.0
TM7SF3_P1068_R,12,27059473,TM7SF3,cg03385215,0.84778,N,-1068.0
PTHLH_E251_F,12,28015932,PTHLH,cg01333011,0.65319,N,251.0
PTHLH_P15_R,12,28016198,PTHLH,cg05045983,0.87868,N,-15.0
PTHLH_P757_F,12,28016940,PTHLH,cg21788470,0.84307,N,-757.0
HDAC7A_P344_F,12,46479534,HDAC7A,cg25755806,0.9162,N,-344.0
WNT10B_P823_R,12,47652633,WNT10B,cg23890019,0.74189,Y,-823.0
WNT10B_P993_F,12,47652803,WNT10B,cg24626581,0.20677,Y,-993.0
WNT1_P79_R,12,47658424,WNT1,cg08133093,0.23695,Y,-79.0
WNT1_E157_F,12,47658660,WNT1,cg18054037,0.059,Y,157.0
ACVR1B_P572_R,12,50631181,ACVR1B,cg16774435,0.17174,Y,-572.0
ACVR1B_E497_R,12,50632250,ACVR1B,cg10587921,0.03635,Y,497.0
KRT5_E196_R,12,51200314,KRT5,cg04254916,0.95628,Y,196.0
KRT5_P308_F,12,51200818,KRT5,cg03540813,0.86014,N,-308.0
KRT1_P798_R,12,51361244,KRT1,cg06030058,0.84324,N,-798.0
IGFBP6_P328_R,12,51777375,IGFBP6,cg00122038,0.09757,Y,-328.0
IGFBP6_E47_F,12,51777750,IGFBP6,cg07927839,0.37776,N,-1083.0
HOXC6_P585_R,12,52696518,HOXC6,cg22198132,0.18043,Y,-422.0
HOXC6_P456_R,12,52696647,HOXC6,cg02491017,0.10013,Y,-293.0
PDE1B_P263_R,12,53229408,PDE1B,cg06901488,0.06949,Y,-263.0
PDE1B_E141_F,12,53229812,PDE1B,cg15927682,0.14318,Y,141.0
MMP19_E274_R,12,54522728,MMP19,cg01843273,0.901,N,274.0
MMP19_P306_F,12,54523308,MMP19,cg18787783,0.86146,N,-306.0
CDK2_P330_R,12,54646496,CDK2,cg01221216,0.07399,N,-330.0
ERBB3_P870_R,12,54759289,ERBB3,cg24592193,0.03685,Y,-870.0
ERBB3_E331_F,12,54760490,ERBB3,cg04858169,0.10931,Y,331.0
ARHGAP9_P260_F,12,56169124,ARHGAP9,cg11953654,0.91671,N,-260.0
ARHGAP9_P518_R,12,56169382,ARHGAP9,cg11714628,0.93508,N,-518.0
DDIT3_P1313_R,12,56201880,DDIT3,cg19520710,0.40169,Y,-1046.0
IRAK3_P185_F,12,64869099,IRAK3,cg24003063,0.41921,Y,-185.0
IRAK3_P13_F,12,64869271,IRAK3,cg22778955,0.06466,Y,-13.0
IRAK3_E130_F,12,64869414,IRAK3,cg06323619,0.03987,Y,130.0
IFNG_E293_F,12,66839495,IFNG,cg23001963,0.84864,N,293.0
IFNG_P188_F,12,66839976,IFNG,cg09711238,0.93139,N,-188.0
IFNG_P459_R,12,66840247,IFNG,cg03628117,0.90293,N,-459.0
DCN_P1320_R,12,90102257,DCN,cg15569988,0.95153,N,-1320.0
ELK3_P514_F,12,95111824,ELK3,cg11467837,0.08753,Y,-514.0
SLC5A8_E60_R,12,100128060,SLC5A8,cg05722918,0.31202,Y,60.0
SLC5A8_P38_R,12,100128158,SLC5A8,cg13433302,0.147,Y,-38.0
IGF1_E394_F,12,101398060,IGF1,cg17084217,0.66025,N,394.0
IGF1_P933_F,12,101399387,IGF1,cg20581381,0.34796,N,-933.0
ASCL1_P747_F,12,101874847,ASCL1,cg26578415,0.40325,Y,-747.0
ASCL1_E24_F,12,101875618,ASCL1,cg23812196,0.04484,Y,24.0
TDG_E129_F,12,102883876,TDG,cg09857351,0.83283,Y,129.0
UNG_P170_F,12,108019628,UNG,cg04275157,0.10468,Y,-170.0
PXN_P308_F,12,119188200,PXN,cg16785344,0.07382,Y,-308.0
P2RX7_P597_F,12,120054464,P2RX7,cg08688169,0.95232,N,-597.0
P2RX7_P119_R,12,120054942,P2RX7,cg25604246,0.06268,N,-119.0
P2RX7_E323_R,12,120055384,P2RX7,cg10190173,0.11999,Y,323.0
RAN_P581_R,12,129921940,RAN,cg22909979,0.70224,Y,-581.0
CHFR_P501_F,12,131974758,CHFR,cg00470794,0.19749,Y,-501.0
CHFR_P635_R,12,131974892,CHFR,cg18592833,0.04635,Y,-635.0
GJB2_E43_F,13,19664994,GJB2,cg11172038,0.03257,Y,43.0
GJB2_P791_R,13,19665828,GJB2,cg20193013,0.13664,Y,-791.0
GJB2_P931_R,13,19665968,GJB2,cg09195389,0.47011,Y,-931.0
FGF9_P1404_F,13,21142471,FGF9,cg18000242,0.2165,Y,-1404.0
FGF9_P862_R,13,21143013,FGF9,cg02259997,0.28048,Y,-862.0
IPF1_P750_F,13,27391427,IPF1,cg14584091,0.24614,Y,-750.0
IPF1_P234_F,13,27391943,IPF1,cg20815612,0.27659,Y,-234.0
FLT3_E326_R,13,27572379,FLT3,cg18969328,0.07439,Y,326.0
FLT3_P302_F,13,27573007,FLT3,cg23603794,0.05594,Y,-302.0
FLT1_E444_F,13,27966788,FLT1,cg15601306,0.02837,Y,444.0
FLT1_P302_F,13,27967534,FLT1,cg21787743,0.03605,Y,-302.0
FLT1_P615_R,13,27967847,FLT1,cg26282369,0.04189,Y,-615.0
CCNA1_P216_F,13,35904417,CCNA1,cg05780306,0.04695,Y,-216.0
CCNA1_E7_F,13,35904640,CCNA1,cg27186533,0.04479,Y,7.0
DNAJC15_P65_F,13,42495297,DNAJC15,cg05035143,0.91467,Y,-65.0
DNAJC15_E26_R,13,42495388,DNAJC15,cg10157207,0.05648,Y,26.0
HTR2A_E10_R,13,46368166,HTR2A,cg05011937,0.87324,N,10.0
HTR2A_P853_F,13,46369029,HTR2A,cg15268261,0.06112,N,-853.0
KLF5_P13_F,13,72531130,KLF5,cg16541703,0.05889,Y,-13.0
KLF5_E190_R,13,72531333,KLF5,cg09984163,0.10318,Y,190.0
EDNRB_P148_R,13,77447813,EDNRB,cg20257673,0.95251,N,-148.0
EDNRB_P709_R,13,77448374,EDNRB,cg10792120,0.96493,N,-709.0
LIG4_P194_F,13,107666077,LIG4,cg22492943,0.04181,Y,-194.0
SOX1_P1018_R,13,111768896,SOX1,cg14311093,0.02662,Y,-1018.0
SOX1_P294_F,13,111769620,SOX1,cg23071766,0.07256,Y,-294.0
TFDP1_P543_R,13,113286514,TFDP1,cg03399232,0.86431,Y,-543.0
MMP14_P208_R,14,22375425,MMP14,cg01508380,0.25818,N,-208.0
MMP14_P13_F,14,22375620,MMP14,cg09208010,0.22931,Y,-13.0
BCL2L2_P280_F,14,22845586,BCL2L2,cg04542489,0.04357,N,-280.0
BCL2L2_E172_F,14,22846038,BCL2L2,cg09582636,0.09028,N,172.0
LTB4R_P163_F,14,23852194,LTB4R,cg14137885,0.81434,N,-163.0
LTB4R_E64_R,14,23852421,LTB4R,cg07869853,0.67152,N,64.0
RIPK3_P24_F,14,23879037,RIPK3,cg17413439,0.4286,N,-24.0
RIPK3_P124_F,14,23879137,RIPK3,cg13583230,0.52823,N,-124.0
BMP4_P123_R,14,53493485,BMP4,cg26240298,0.10594,Y,-123.0
BMP4_P199_R,14,53493561,BMP4,cg09229893,0.40557,Y,-199.0
HIF1A_P488_F,14,61231504,HIF1A,cg05426380,0.04604,Y,-488.0
ESR2_E66_F,14,63830765,ESR2,cg25497024,0.05768,Y,66.0
ESR2_P162_F,14,63830993,ESR2,cg09233462,0.20224,Y,-162.0
HSPA2_P162_R,14,64072214,HSPA2,cg05316932,0.93333,N,-162.0
MAP3K9_E17_R,14,70345624,MAP3K9,cg09337038,0.09683,Y,17.0
PGF_E33_F,14,74492011,PGF,cg11057536,0.04534,Y,33.0
PGF_P320_F,14,74492364,PGF,cg07464201,0.16816,Y,-320.0
MLH3_E72_F,14,74587814,MLH3,cg16617972,0.02835,Y,72.0
MLH3_P25_F,14,74587911,MLH3,cg11770975,0.17555,Y,-25.0
TGFB3_E58_R,14,75517184,TGFB3,cg17928876,0.84486,N,58.0
CHGA_P243_F,14,92459002,CHGA,cg02706439,0.43625,Y,-243.0
CHGA_E52_F,14,92459297,CHGA,cg15962606,0.13579,Y,52.0
SERPINA5_P156_F,14,94117408,SERPINA5,cg13984563,0.50384,N,-156.0
SERPINA5_E69_F,14,94117633,SERPINA5,cg08764227,0.8279,N,69.0
DLK1_E227_R,14,100263209,DLK1,cg20175079,0.06222,Y,227.0
MEG3_P235_F,14,100361980,MEG3,cg24336658,0.87751,Y,-235.0
MEG3_E91_F,14,100362306,MEG3,cg27191825,0.56688,Y,91.0
DIO3_P674_F,14,101096767,DIO3,cg26104543,0.04285,Y,-674.0
DIO3_P90_F,14,101097351,DIO3,cg25468490,0.30462,Y,-90.0
DIO3_E230_R,14,101097671,DIO3,cg18191511,0.7491,Y,230.0
AKT1_P310_R,14,104333435,AKT1,cg17052569,0.09979,Y,-310.0
JAG2_E54_F,14,104706152,JAG2,cg05426823,0.03898,Y,54.0
JAG2_P264_F,14,104706470,JAG2,cg11194060,0.03513,Y,-264.0
MTA1_P478_F,14,104956933,MTA1,cg21902921,0.19444,Y,-478.0
CRIP1_P874_R,14,105023720,CRIP1,cg03324382,0.09716,Y,-874.0
CRIP1_P274_F,14,105024320,CRIP1,cg05417129,0.53403,Y,-274.0
KIAA0125_E29_F,14,105461686,KIAA0125,cg02507952,0.93157,N,29.0
MKRN3_P108_F,15,21361439,MKRN3,cg19407225,0.89823,N,-108.0
MKRN3_E144_F,15,21361691,MKRN3,cg15423863,0.94394,Y,144.0
MAGEL2_E166_R,15,21441916,MAGEL2,cg03672494,0.92445,N,166.0
MAGEL2_P170_R,15,21442252,MAGEL2,cg25417515,0.9145,Y,-170.0
NDN_E131_R,15,21483412,NDN,cg10021600,0.78357,Y,131.0
NDN_P1110_F,15,21484653,NDN,cg12138102,0.94301,N,-1110.0
SNRPN_P230_R,15,22619657,SNRPN,cg22491305,0.947,N,-230.0
SNRPN_E14_F,15,22619901,SNRPN,cg18859420,0.86081,N,14.0
SNURF_P78_F,15,22751150,SNURF,cg15999943,0.84503,Y,-78.0
SNRPN_seq_12_S127_F,15,22751217,SNRPN,cg05182424,0.76742,Y,-11.0
SNURF_P2_R,15,22751226,SNURF,cg17916021,0.57878,Y,-2.0
SNRPN_seq_18_S99_F,15,22751285,SNRPN,cg10146073,0.77374,Y,57.0
SNURF_E256_R,15,22751484,SNURF,cg07995992,0.85467,Y,256.0
HBII-13_P991_R,15,22780349,HBII-13,cg26410550,0.86802,N,-991.0
HBII-13_E48_F,15,22781388,HBII-13,cg18488946,0.92227,N,48.0
PWCR1_P811_F,15,22846906,PWCR1,cg19695710,0.92382,N,-811.0
PWCR1_P357_F,15,22847360,PWCR1,cg07197644,0.8875,N,-357.0
PWCR1_E81_R,15,22847798,PWCR1,cg11319956,0.9758,N,81.0
HBII-52_P659_F,15,22966310,HBII-52,cg18037269,0.94012,Y,-659.0
HBII-52_P563_F,15,22966406,HBII-52,cg21361081,0.87708,Y,-563.0
HBII-52_E142_F,15,22967111,HBII-52,cg24301180,0.73598,N,142.0
ATP10A_P147_F,15,23660110,ATP10A,cg06932470,0.0554,Y,-147.0
ATP10A_P524_R,15,23660487,ATP10A,cg18939241,0.81098,Y,-524.0
GABRB3_E42_F,15,24569978,GABRB3,cg20421990,0.06405,Y,42.0
GABRB3_P92_F,15,24570112,GABRB3,cg16084228,0.16872,Y,-92.0
GABRA5_P1016_F,15,24741680,GABRA5,cg02225257,0.93427,N,-1016.0
GABRA5_P862_R,15,24741834,GABRA5,cg20051555,0.91998,N,-862.0
GABRA5_E44_R,15,24742740,GABRA5,cg17525249,0.8133,N,44.0
GABRG3_P75_F,15,25343690,GABRG3,cg27592112,0.86282,N,-75.0
GABRG3_E123_R,15,25343888,GABRG3,cg16701428,0.93859,N,123.0
APBA2_P305_R,15,27000840,APBA2,cg17121025,0.89936,N,-305.0
APBA2_P227_F,15,27000918,APBA2,cg20840847,0.94707,N,-227.0
TJP1_P326_R,15,27902324,TJP1,cg07003973,0.06122,Y,-326.0
TJP1_P390_F,15,27902388,TJP1,cg10264754,0.02818,Y,-390.0
THBS1_P500_F,15,37660072,THBS1,cg06698640,0.08367,Y,-500.0
THBS1_E207_R,15,37660779,THBS1,cg08811261,0.02725,Y,207.0
TYRO3_P501_F,15,39638023,TYRO3,cg25504247,0.02509,N,-501.0
TYRO3_P366_F,15,39638158,TYRO3,cg10391513,0.15272,Y,-366.0
FGF7_P610_F,15,47502141,FGF7,cg18689733,0.92222,N,-610.0
FGF7_P44_F,15,47502707,FGF7,cg26070824,0.88609,N,-44.0
NEO1_P1067_F,15,71130861,NEO1,cg11673424,0.10014,Y,-1067.0
CYP1A1_P382_F,15,72805312,CYP1A1,cg27426425,0.02655,Y,-382.0
CSK_P740_R,15,72861028,CSK,cg00855228,0.2535,Y,-740.0
CTSH_E157_R,15,77024318,CTSH,cg16677243,0.04729,Y,157.0
CTSH_P238_F,15,77024713,CTSH,cg23141159,0.05891,Y,-238.0
RASGRF1_E16_F,15,77169879,RASGRF1,cg16752670,0.02285,Y,16.0
RASGRF1_P768_F,15,77170663,RASGRF1,cg08522779,0.03171,Y,-768.0
BCL2A1_P1127_R,15,78051825,BCL2A1,cg27177709,0.97174,Y,-1127.0
IL16_P93_R,15,79262162,IL16,cg13639030,0.68855,N,-93.0
NTRK3_E131_F,15,86600534,NTRK3,cg00865584,0.02354,Y,131.0
NTRK3_P636_R,15,86601301,NTRK3,cg25116345,0.04047,Y,-636.0
NTRK3_P752_F,15,86601417,NTRK3,cg09147530,0.05459,Y,-752.0
FES_P223_R,15,89228490,FES,cg04362933,0.04322,Y,-223.0
FES_E34_R,15,89228747,FES,cg10886497,0.13003,Y,34.0
CHD2_P667_F,15,91243756,CHD2,cg17404310,0.91509,N,-667.0
CHD2_P451_F,15,91243972,CHD2,cg04650055,0.94505,N,-451.0
IGF1R_P325_R,15,97009963,IGF1R,cg19714640,0.03914,Y,-325.0
IGF1R_E186_R,15,97010474,IGF1R,cg20742855,0.02475,Y,186.0
LRRK1_P834_F,15,99379361,LRRK1,cg24824910,0.72191,N,-834.0
LRRK1_P39_F,15,99380156,LRRK1,cg02770711,0.95174,N,-39.0
TSC2_E140_F,16,2038740,TSC2,cg01052512,0.30146,N,140.0
CREBBP_P712_R,16,3871424,CREBBP,cg18797283,0.88611,Y,-712.0
MYH11_P22_F,16,15858391,MYH11,cg15581089,0.06612,Y,-22.0
MYH11_P236_R,16,15858605,MYH11,cg21571155,0.03943,Y,-236.0
HS3ST2_P546_F,16,22732815,HS3ST2,cg23911889,0.20452,Y,-546.0
HS3ST2_P171_F,16,22733190,HS3ST2,cg03823653,0.11002,Y,-171.0
HS3ST2_E145_R,16,22733506,HS3ST2,cg22228897,0.08316,Y,145.0
LAT_E46_F,16,28903694,LAT,cg03108875,0.71693,N,46.0
PRSS8_E134_R,16,31054518,PRSS8,cg27436259,0.92112,Y,134.0
PYCARD_E87_F,16,31121665,PYCARD,cg05898613,0.03451,Y,87.0
PYCARD_P150_F,16,31121902,PYCARD,cg15468095,0.36075,Y,-150.0
PYCARD_P393_F,16,31122145,PYCARD,cg23185156,0.15004,N,-393.0
CARD15_P665_F,16,49287886,CARD15,cg16771652,0.71082,N,-665.0
CARD15_P302_R,16,49288249,CARD15,cg23486288,0.1587,N,-302.0
RBL2_P250_R,16,52025651,RBL2,cg02021817,0.05429,Y,-250.0
MMP2_P303_R,16,54070286,MMP2,cg20640526,0.03957,Y,-303.0
MMP2_P197_F,16,54070392,MMP2,cg20597545,0.05241,Y,-197.0
MMP2_E21_R,16,54070610,MMP2,cg16119420,0.06898,Y,21.0
MT1A_P600_F,16,55229479,MT1A,cg10731123,0.40314,Y,-600.0
MT1A_P49_R,16,55230030,MT1A,cg22243129,0.02681,Y,-49.0
MT1A_E13_R,16,55230092,MT1A,cg26001009,0.1989,Y,13.0
CDH11_E102_R,16,63713318,CDH11,cg05318914,0.0472,Y,102.0
CDH11_P203_R,16,63713623,CDH11,cg23907145,0.02452,Y,-203.0
CDH11_P354_R,16,63713774,CDH11,cg13126606,0.20893,Y,-354.0
CDH3_P87_R,16,67236190,CDH3,cg01296763,0.03214,Y,-87.0
CDH3_E100_R,16,67236377,CDH3,cg09665394,0.14069,Y,100.0
CDH1_P52_R,16,67328644,CDH1,cg24310695,0.11956,Y,-52.0
CDH1_P45_F,16,67328651,CDH1,cg18947377,0.18451,Y,-45.0
NQO1_E74_R,16,68317960,NQO1,cg09516362,0.03663,Y,74.0
NQO1_P345_R,16,68318379,NQO1,cg19194454,0.0226,N,-345.0
MAF_E77_R,16,78192035,MAF,cg02881640,0.10828,Y,77.0
MAF_P826_R,16,78192938,MAF,cg24274831,0.02745,Y,-826.0
CDH13_P88_F,16,81217991,CDH13,cg08977371,0.1251,Y,-88.0
CDH13_E102_F,16,81218181,CDH13,cg15047333,0.06029,Y,102.0
CDK10_P199_R,16,88280380,CDK10,cg12119029,0.29663,Y,-199.0
CDK10_E74_F,16,88280653,CDK10,cg26843987,0.11774,Y,74.0
FANCA_P1006_R,16,88411572,FANCA,cg23604467,0.88575,Y,-1006.0
TUBB3_P721_R,16,88516525,TUBB3,cg15669092,0.23671,Y,-721.0
TUBB3_P364_F,16,88516882,TUBB3,cg02471566,0.02631,Y,-364.0
TUBB3_E91_F,16,88517337,TUBB3,cg21691320,0.29555,Y,91.0
CRK_P721_F,17,1307015,CRK,cg16557332,0.27899,Y,-721.0
HIC1_P565_R,17,1904448,HIC1,cg22934970,0.06002,Y,-565.0
HIC1_E151_F,17,1905164,HIC1,cg14023313,0.0291,Y,151.0
HIC-1_seq_48_S103_R,17,1907679,HIC1,cg20066299,0.69861,Y,
ALOX12_P223_R,17,6839905,ALOX12,cg22819332,0.54905,Y,-223.0
ALOX12_E85_R,17,6840213,ALOX12,cg05878700,0.4286,Y,85.0
TNK1_P221_F,17,7224913,TNK1,cg26000767,0.26615,Y,-221.0
TNK1_P41_R,17,7225093,TNK1,cg25335879,0.04332,Y,-41.0
PLSCR3_P751_R,17,7239318,PLSCR3,cg26114392,0.27078,Y,-751.0
EFNB3_P442_R,17,7548803,EFNB3,cg00000794,0.15582,Y,-442.0
EFNB3_E17_R,17,7549262,EFNB3,cg20221774,0.55699,Y,17.0
GUCY2D_P48_R,17,7846665,GUCY2D,cg18094470,0.31956,Y,-48.0
GUCY2D_E419_R,17,7847132,GUCY2D,cg13065528,0.03487,Y,419.0
GAS7_E148_F,17,10042445,GAS7,cg20649212,0.0544,Y,148.0
GAS7_P622_R,17,10043215,GAS7,cg10250043,0.23084,Y,-622.0
PMP22_P975_F,17,15110344,PMP22,cg08815822,0.93456,N,-975.0
PMP22_P1254_F,17,15110623,PMP22,cg06112772,0.94354,N,-1254.0
MFAP4_P10_R,17,19231096,MFAP4,cg07727884,0.32359,N,-10.0
MFAP4_P197_F,17,19231283,MFAP4,cg10351914,0.3993,N,-197.0
NOS2A_E117_R,17,23151565,NOS2A,cg26853415,0.9266,N,117.0
NOS2A_P288_R,17,23151970,NOS2A,cg00297776,0.84794,N,-288.0
TRAF4_P372_F,17,24094801,TRAF4,cg23340501,0.45787,Y,-372.0
EVI2A_E420_F,17,26672423,EVI2A,cg14414427,0.90697,N,420.0
EVI2A_P94_R,17,26672937,EVI2A,cg23352695,0.86698,N,-94.0
LIG3_P622_R,17,30331029,LIG3,cg23104440,0.72157,N,-622.0
CCL3_E53_R,17,31441547,CCL3,cg21335375,0.8265,N,53.0
CCL3_P543_R,17,31442143,CCL3,cg05481196,0.94647,N,-543.0
MLLT6_P957_F,17,34114444,MLLT6,cg12475291,0.0746,Y,-957.0
PLXDC1_E71_F,17,34561227,PLXDC1,cg26456838,0.10968,Y,71.0
PLXDC1_P236_F,17,34561534,PLXDC1,cg21125376,0.04104,Y,-236.0
ERBB2_P59_R,17,35097860,ERBB2,cg18160059,0.01991,Y,-59.0
GRB7_P160_R,17,35147553,GRB7,cg08284496,0.37261,N,-160.0
GRB7_E71_R,17,35147784,GRB7,cg23836594,0.11402,N,71.0
CSF3_P309_R,17,35424905,CSF3,cg17037194,0.64426,N,-309.0
CSF3_E242_R,17,35425456,CSF3,cg05410460,0.88964,N,242.0
RARA_P1076_R,17,35717896,RARA,cg23685453,0.33712,N,-1076.0
RARA_P176_R,17,35718796,RARA,cg10363722,0.29399,N,-176.0
RARA_E128_R,17,35719100,RARA,cg00848035,0.10617,N,128.0
KRT13_P341_R,17,36915732,KRT13,cg16023337,0.94082,N,-341.0
KRT13_P676_F,17,36916067,KRT13,cg24851986,0.8465,N,-676.0
STAT5A_P704_R,17,37692387,STAT5A,cg09355539,0.45815,N,-704.0
STAT5A_E42_F,17,37693133,STAT5A,cg18292634,0.17824,N,42.0
AOC3_P890_R,17,38255837,AOC3,cg14591538,0.53021,N,-890.0
BRCA1_P835_R,17,38531829,BRCA1,cg00579360,0.72969,Y,-835.0
HDAC5_E298_F,17,39556242,HDAC5,cg08753986,0.42374,Y,298.0
GFAP_P56_R,17,40348450,GFAP,cg03383006,0.84288,N,-56.0
GFAP_P1214_F,17,40349608,GFAP,cg15193977,0.89239,N,-1214.0
HOXB2_P99_F,17,43977490,HOXB2,cg09313705,0.3464,Y,-99.0
HOXB2_P488_R,17,43977879,HOXB2,cg06811494,0.76058,N,-488.0
HOXB13_E21_F,17,44161066,HOXB13,cg21160992,0.15861,Y,21.0
HOXB13_P17_R,17,44161104,HOXB13,cg20726134,0.21514,Y,-17.0
NGFR_P355_F,17,44927311,NGFR,cg02052412,0.32765,Y,-355.0
NGFR_E328_F,17,44927994,NGFR,cg07426306,0.11334,Y,328.0
COL1A1_P5_F,17,45633997,COL1A1,cg13069732,0.26647,Y,-5.0
COL1A1_P117_R,17,45634109,COL1A1,cg10100754,0.24192,Y,-117.0
HLF_E192_F,17,50697562,HLF,cg05876326,0.02964,Y,192.0
MPO_E302_R,17,53712993,MPO,cg09421562,0.8875,N,302.0
MPO_P883_R,17,53714178,MPO,cg24997501,0.12691,N,-883.0
ERN1_P809_R,17,59562017,ERN1,cg13884260,0.54703,Y,-809.0
PECAM1_E32_R,17,59817691,PECAM1,cg12476586,0.59497,Y,32.0
PECAM1_P135_F,17,59817858,PECAM1,cg05359956,0.64517,Y,-135.0
PRKAR1A_P337_R,17,64019368,PRKAR1A,cg08932246,0.05656,Y,-337.0
MAP2K6_P297_R,17,64922137,MAP2K6,cg23296889,0.14563,Y,-297.0
MAP2K6_E297_F,17,64922731,MAP2K6,cg09190049,0.14265,N,297.0
ITGB4_P517_F,17,71228594,ITGB4,cg24018755,0.21388,Y,-517.0
ITGB4_E144_F,17,71229255,ITGB4,cg25109886,0.05869,Y,144.0
SEPT9_P374_F,17,72827370,SEPT9.,cg11617283,0.1123,Y,-374.0
SEPT9_P58_R,17,72827686,SEPT9.,cg05428394,0.64516,Y,-58.0
TK1_E47_F,17,73694679,TK1,cg26206461,0.28574,Y,47.0
TK1_P62_R,17,73694788,TK1,cg03239574,0.0282,Y,-62.0
BIRC5_E89_F,17,73721961,BIRC5,cg06057942,0.02768,Y,89.0
TIMP2_E394_R,17,74432673,TIMP2,cg14087402,0.03413,Y,394.0
TIMP2_P267_F,17,74433334,TIMP2,cg27235002,0.22955,Y,-267.0
AATK_E63_R,17,76709831,AATK,cg05292376,0.96105,N,63.0
AATK_P519_R,17,76710413,AATK,cg17279079,0.8625,Y,-519.0
AATK_P709_R,17,76710603,AATK,cg02979355,0.62752,Y,-709.0
YES1_P216_F,18,802543,YES1,cg01817085,0.05827,Y,-216.0
YES1_P600_F,18,802927,YES1,cg02999287,0.04365,Y,-600.0
ADCYAP1_P455_R,18,894932,ADCYAP1,cg01799816,0.08629,Y,-455.0
ADCYAP1_P398_F,18,894989,ADCYAP1,cg01521573,0.04339,Y,-398.0
ADCYAP1_E163_R,18,895550,ADCYAP1,cg01277640,0.02573,Y,163.0
MC2R_E455_F,18,13905080,MC2R,cg21266195,0.95104,N,455.0
MC2R_P1025_F,18,13906560,MC2R,cg00358505,0.56587,N,-1025.0
GATA6_P726_F,18,18002688,GATA6,cg24306655,0.05388,Y,-726.0
GATA6_P21_R,18,18003393,GATA6,cg03473387,0.08234,Y,-21.0
IMPACT_P234_R,18,20260446,IMPACT,cg26974425,0.03332,Y,-234.0
IMPACT_P186_F,18,20260494,IMPACT,cg18332806,0.10502,Y,-186.0
DSC2_E90_F,18,26936285,DSC2,cg08156793,0.28379,Y,90.0
DSC2_P407_R,18,26936782,DSC2,cg20887958,0.94855,N,-407.0
DSG1_P159_R,18,27151891,DSG1,cg13834042,0.92172,N,-159.0
DSG1_E292_F,18,27152342,DSG1,cg20099449,0.92145,N,292.0
SLC14A1_P369_R,18,41557786,SLC14A1,cg00377772,0.77182,N,-369.0
SLC14A1_E295_F,18,41558450,SLC14A1,cg26803305,0.90427,N,295.0
SMAD2_P708_R,18,43711929,SMAD2,cg15729966,0.03643,Y,-708.0
SMAD2_P848_R,18,43712069,SMAD2,cg02100834,0.26039,Y,-848.0
MAPK4_E273_R,18,46444109,MAPK4,cg21612229,0.87733,N,273.0
SMAD4_P474_R,18,46810137,SMAD4,cg18894340,0.03252,Y,-474.0
DCC_P471_R,18,48120685,DCC,cg22055405,0.07466,Y,-471.0
DCC_P177_F,18,48120979,DCC,cg22444505,0.07876,Y,-177.0
DCC_E53_R,18,48121209,DCC,cg13618363,0.22965,Y,53.0
MBD2_P233_F,18,50005389,MBD2,cg15090185,0.73585,N,-233.0
TCF4_P175_R,18,51406615,TCF4,cg19706341,0.11451,Y,-175.0
TCF4_P317_F,18,51406757,TCF4,cg06256989,0.05892,Y,-317.0
ONECUT2_P315_R,18,53253600,ONECUT2,cg04991486,0.04012,Y,-315.0
ONECUT2_E96_F,18,53254011,ONECUT2,cg15475634,0.07743,Y,96.0
MALT1_P406_R,18,54489192,MALT1,cg22260834,0.14057,Y,-406.0
FVT1_P225_F,18,59185663,FVT1,cg25427220,0.08574,Y,-225.0
SERPINB5_P19_R,18,59295180,SERPINB5,cg22362057,0.94331,Y,-19.0
SERPINB2_P939_F,18,59704983,SERPINB2,cg15747712,0.95993,N,-939.0
GALR1_P80_F,18,73090641,GALR1,cg00530755,0.07907,Y,-80.0
GALR1_E52_F,18,73090773,GALR1,cg15343119,0.0632,Y,52.0
BSG_P211_R,19,522114,BSG,cg17382033,0.0853,Y,-211.0
STK11_P295_R,19,1156503,STK11,cg12871083,0.36691,Y,-295.0
GNG7_E310_R,19,2603280,GNG7,cg13502721,0.96223,Y,310.0
GNG7_P903_F,19,2604493,GNG7,cg18559504,0.89678,N,-903.0
MATK_P64_F,19,3752874,MATK,cg02798144,0.02352,Y,-64.0
MATK_P190_R,19,3753000,MATK,cg21380287,0.44258,Y,-190.0
VAV1_P317_F,19,6723405,VAV1,cg15322770,0.77729,N,-317.0
VAV1_E9_F,19,6723731,VAV1,cg02621492,0.70921,Y,9.0
INSR_E97_F,19,7244914,INSR,cg19110381,0.15853,Y,97.0
INSR_P1063_R,19,7246074,INSR,cg00650214,0.3514,Y,-1063.0
DNMT1_P100_R,19,10166911,DNMT1,cg15043801,0.13175,Y,-100.0
ICAM1_P386_R,19,10242393,ICAM1,cg05106269,0.12239,Y,-386.0
ICAM1_P119_R,19,10242660,ICAM1,cg03117925,0.10425,Y,-119.0
ICAM1_E242_F,19,10243021,ICAM1,cg20539223,0.14412,Y,242.0
TYK2_P494_F,19,10352705,TYK2,cg11800224,0.2699,Y,-494.0
SMARCA4_P362_R,19,10932244,SMARCA4,cg08405378,0.03069,Y,-362.0
JUNB_P1149_R,19,12762161,JUNB,cg00546267,0.09975,Y,-1149.0
EMR3_E61_F,19,14646749,EMR3,cg15552238,0.51987,N,61.0
EMR3_P39_R,19,14646849,EMR3,cg15746620,0.83114,N,-39.0
EMR3_P1297_R,19,14648107,EMR3,cg09872254,0.90296,Y,-1297.0
NOTCH3_E403_F,19,15172389,NOTCH3,cg20969065,0.05058,Y,403.0
NOTCH3_P198_R,19,15172990,NOTCH3,cg17944161,0.55494,Y,-198.0
SIN3B_P607_F,19,16800611,SIN3B,cg22629500,0.90275,Y,-607.0
SIN3B_P514_R,19,16800704,SIN3B,cg17697680,0.90879,Y,-514.0
NR2F6_E375_R,19,17216776,NR2F6,cg24945194,0.09402,Y,375.0
JAK3_E64_F,19,17819736,JAK3,cg05635754,0.12631,Y,64.0
JAK3_P156_R,19,17819956,JAK3,cg02285920,0.10693,N,-156.0
JAK3_P1075_R,19,17820875,JAK3,cg05244380,0.83241,N,-1075.0
SLC5A5_E60_F,19,17843842,SLC5A5,cg04997686,0.4918,Y,60.0
ELL_P693_F,19,18494611,ELL,cg09597048,0.45991,Y,-693.0
UBA52_P293_R,19,18543375,UBA52,cg23146959,0.04412,Y,-293.0
CCNE1_P683_F,19,34994058,CCNE1,cg18621017,0.11883,Y,-683.0
CEBPA_P706_F,19,38485866,CEBPA,cg23071874,0.05208,Y,293.0
CEBPA_P1163_R,19,38486323,CEBPA,cg11888955,0.09207,Y,
HPN_P823_F,19,40222427,HPN,cg00566101,0.82015,N,-823.0
HPN_P374_R,19,40222876,HPN,cg03537100,0.37904,N,-374.0
AXL_P223_R,19,46416440,AXL,cg09524393,0.2017,Y,-223.0
AXL_E61_F,19,46416724,AXL,cg20384525,0.11869,N,61.0
TGFB1_P833_R,19,46552489,TGFB1,cg05445479,0.95159,Y,-833.0
CEACAM1_E57_R,19,47724422,CEACAM1,cg18176768,0.11913,N,57.0
CEACAM1_P44_R,19,47724523,CEACAM1,cg11811510,0.65296,N,-44.0
XRCC1_P681_R,19,48772236,XRCC1,cg12562082,0.92969,Y,-681.0
IGSF4C_E65_F,19,48835766,IGSF4C,cg11412242,0.74082,Y,65.0
IGSF4C_P533_R,19,48836364,IGSF4C,cg22436852,0.08454,Y,-533.0
PLAUR_E123_F,19,48866219,PLAUR,cg08793657,0.09119,Y,123.0
PLAUR_P82_F,19,48866424,PLAUR,cg04828696,0.02223,Y,-82.0
BCL3_P1038_R,19,49942833,BCL3,cg02162810,0.03273,Y,-1038.0
BCL3_E71_F,19,49943942,BCL3,cg21016032,0.43936,Y,71.0
BCAM_P205_F,19,50003973,BCAM,cg18958184,0.32835,Y,-205.0
BCAM_E100_R,19,50004278,BCAM,cg12108695,0.04692,Y,100.0
APOC1_P406_R,19,50109355,APOC1,cg06342766,0.86405,Y,-406.0
APOC2_P377_F,19,50140706,APOC2,cg27593634,0.85166,N,-377.0
ERCC1_P354_F,19,50619371,ERCC1,cg12291729,0.02928,Y,-354.0
ERCC1_P440_R,19,50619457,ERCC1,cg13282827,0.06312,Y,-440.0
BAX_E281_R,19,54150210,BAX,cg04555391,0.78417,Y,281.0
RRAS_P100_R,19,54835312,RRAS,cg17675106,0.03285,Y,-100.0
KLK10_P268_R,19,56215362,KLK10,cg06130787,0.13642,N,-268.0
KLK11_P103_R,19,56223205,KLK11,cg09702010,0.84469,N,-103.0
KLK11_P1290_F,19,56224392,KLK11,cg09333109,0.93471,N,-1290.0
PTPRH_E173_F,19,60412481,PTPRH,cg09948821,0.70454,N,173.0
PTPRH_P255_F,19,60412909,PTPRH,cg17314748,0.92273,N,-255.0
IL11_P11_R,19,60573637,IL11,cg16546221,0.05962,Y,-11.0
PEG3_E496_F,19,62043380,PEG3,cg07299214,0.4991,Y,496.0
ZIM2_E110_F,19,62043777,ZIM2,cg07746548,0.62336,Y,110.0
ZIM2_P22_F,19,62043909,ZIM2,cg01034638,0.6758,Y,-22.0
USP29_P282_R,19,62323039,USP29,cg16675193,0.93283,Y,-282.0
USP29_P205_R,19,62323116,USP29,cg25357752,0.86213,Y,-205.0
USP29_E274_F,19,62323595,USP29,cg07368873,0.94838,N,274.0
ZIM3_E203_F,19,62348179,ZIM3,cg22057816,0.96617,N,203.0
ZIM3_P451_R,19,62348833,ZIM3,cg16859188,0.96123,Y,-451.0
ZIM3_P718_R,19,62349100,ZIM3,cg15131643,0.95912,N,-718.0
ZNF264_P397_F,19,62394284,ZNF264,cg04803824,0.42961,Y,-397.0
ZNF264_E48_R,19,62394729,ZNF264,cg08504049,0.07705,Y,48.0
PTPNS1_P301_R,20,1823124,PTPNS1,cg10140880,0.04031,Y,-301.0
PTPNS1_E433_R,20,1823858,PTPNS1,cg16332153,0.03214,Y,433.0
CDC25B_P11_R,20,3724375,CDC25B,cg19418914,0.03232,Y,-11.0
CDC25B_E83_F,20,3724469,CDC25B,cg00837159,0.06276,Y,83.0
BMP2_P1201_F,20,6696006,BMP2,cg26536259,0.06514,Y,-1201.0
BMP2_E48_R,20,6697255,BMP2,cg18126192,0.03106,Y,48.0
JAG1_P66_F,20,10602656,JAG1,cg24801688,0.10379,Y,-66.0
ID1_P880_F,20,29655873,ID1,cg22503909,0.26655,Y,-880.0
ID1_P659_R,20,29656094,ID1,cg09569033,0.04426,Y,-659.0
HCK_P858_F,20,30102860,HCK,cg04775393,0.32972,Y,-858.0
HCK_P46_R,20,30103672,HCK,cg15382497,0.10189,Y,-46.0
DNMT3B_P352_R,20,30813500,DNMT3B,cg14703690,0.19849,N,-352.0
C20orf47_P225_R,20,33592967,ERGIC3,cg12630922,0.07446,Y,-225.0
CPNE1_P138_F,20,33716400,CPNE1,cg25855788,0.10966,Y,-138.0
SRC_P297_F,20,35406205,SRC,cg12815018,0.96719,N,-297.0
SRC_P164_F,20,35406338,SRC,cg13052876,0.93568,N,-164.0
SRC_E100_R,20,35406602,SRC,cg05935845,0.87225,N,100.0
NNAT_P544_R,20,35582477,NNAT,cg10288563,0.9007,Y,-544.0
MYBL2_P354_F,20,41728769,MYBL2,cg13938063,0.19031,Y,-354.0
MYBL2_P211_F,20,41728912,MYBL2,cg20643167,0.0405,Y,-211.0
PI3_P1394_R,20,43235518,PI3,cg18675416,0.81466,N,-1394.0
PI3_P274_R,20,43236638,PI3,cg19931348,0.93966,N,-274.0
PI3_E107_F,20,43237019,PI3,cg17976697,0.88506,N,107.0
MMP9_P237_R,20,44070717,MMP9,cg12243192,0.04922,N,-237.0
MMP9_P189_F,20,44070765,MMP9,cg02310296,0.65719,N,-189.0
MMP9_E88_R,20,44071042,MMP9,cg05437645,0.88947,N,88.0
CD40_P372_R,20,44179941,CD40,cg26940394,0.12912,Y,-372.0
CD40_E58_R,20,44180371,CD40,cg20698532,0.04646,Y,58.0
TFAP2C_P765_F,20,54637000,TFAP2C,cg25369162,0.07425,Y,-765.0
TFAP2C_E260_F,20,54638025,TFAP2C,cg13061291,0.01864,Y,260.0
GNAS_P86_F,20,56848104,GNAS,cg14432005,0.73324,Y,-86.0
GNAS_E58_F,20,56848248,GNAS,cg02859712,0.90518,Y,58.0
NTSR1_P318_F,20,60810316,NTSR1,cg03567830,0.05396,Y,-318.0
NTSR1_E109_F,20,60810743,NTSR1,cg13085480,0.06804,Y,109.0
PTK6_E50_F,20,61639101,PTK6,cg03004675,0.67753,Y,50.0
APP_E8_F,21,26464995,APP,cg03779431,0.04769,Y,8.0
APP_P179_R,21,26465182,APP,cg04750566,0.06701,Y,-179.0
TIAM1_P117_F,21,31853278,TIAM1,cg06524895,0.09533,Y,-117.0
TIAM1_P188_R,21,31853349,TIAM1,cg02217293,0.05742,Y,-188.0
IFNGR2_P377_R,21,33696695,IFNGR2,cg21449657,0.31818,Y,-377.0
IFNGR2_E164_F,21,33697236,IFNGR2,cg23375271,0.11076,Y,164.0
ERG_E28_F,21,38955460,ERG,cg12571150,0.09568,Y,28.0
ETS2_P835_F,21,39098884,ETS2,cg06712947,0.12256,Y,-835.0
ETS2_P684_F,21,39099035,ETS2,cg03690837,0.04656,Y,-684.0
B3GALT5_P330_F,21,39950794,B3GALT5,cg06700769,0.93555,N,-330.0
B3GALT5_E246_R,21,39951370,B3GALT5,cg11479877,0.87447,N,246.0
RIPK4_E166_F,21,42060152,RIPK4,cg11719297,0.09065,Y,166.0
RIPK4_P172_F,21,42060490,RIPK4,cg19812226,0.14904,Y,-172.0
TFF2_P178_F,21,42644354,TFF2,cg10018784,0.88578,N,-178.0
TFF2_P557_R,21,42644733,TFF2,cg11158374,0.96254,N,-557.0
TFF1_P180_R,21,42659893,TFF1,cg27405706,0.88324,N,-180.0
CSTB_E410_F,21,44020277,CSTB,cg14198176,0.05457,Y,410.0
COL18A1_P494_R,21,45649031,COL18A1,cg00309589,0.3319,Y,-494.0
COL18A1_P365_R,21,45649160,COL18A1,cg26239725,0.05922,Y,-365.0
COL6A1_P425_F,21,46225671,COL6A1,cg16354533,0.23219,Y,-425.0
COL6A1_P283_F,21,46225813,COL6A1,cg22734035,0.02307,Y,-283.0
SEPT5_P464_R,22,18081523,SEPT5.,cg01250674,0.46311,Y,-464.0
SEPT5_P441_F,22,18081546,SEPT5.,cg11788728,0.18271,Y,-441.0
GP1BB_P278_R,22,18090788,GP1BB,cg19755554,0.54946,Y,-278.0
GP1BB_E23_F,22,18091089,GP1BB,cg12271202,0.45756,Y,23.0
TBX1_P885_R,22,18123341,TBX1,cg03402455,0.07193,Y,-885.0
TBX1_P520_F,22,18123706,TBX1,cg15095600,0.81215,N,-520.0
COMT_E401_F,22,18309710,COMT,cg24164157,0.26194,N,-195.0
HIC2_P528_R,22,20101165,HIC2,cg21212889,0.0371,Y,-528.0
HIC2_P498_F,22,20101195,HIC2,cg21597330,0.03135,Y,-498.0
BCR_P422_F,22,21852130,BCR,cg08146988,0.60883,Y,-422.0
BCR_P346_F,22,21852206,BCR,cg01574123,0.62451,Y,-346.0
SMARCB1_P220_R,22,22458930,SMARCB1,cg10525168,0.48406,Y,-220.0
SEZ6L_P299_F,22,24895181,SEZ6L,cg09131631,0.03691,Y,-299.0
SEZ6L_P249_F,22,24895231,SEZ6L,cg20207331,0.02927,Y,-249.0
LIF_E208_F,22,28972540,LIF,cg10375298,0.04227,Y,208.0
LIF_P383_R,22,28973131,LIF,cg26721064,0.66131,N,-383.0
OSM_P34_F,22,28992874,OSM,cg10467217,0.72197,N,-34.0
OSM_P188_F,22,28993028,OSM,cg04546763,0.81029,Y,-188.0
TIMP3_P1114_R,22,31525688,TIMP3,cg23817297,0.95969,N,-1114.0
TIMP3_P690_R,22,31526112,TIMP3,cg25245338,0.9596,N,-690.0
TIMP3_seq_7_S38_F,22,31527437,TIMP3,cg04421373,0.05272,Y,
PDGFB_E25_R,22,37970911,PDGFB,cg01293532,0.28517,Y,25.0
PDGFB_P719_F,22,37971655,PDGFB,cg10554007,0.811,N,-719.0
MAPK12_E165_R,22,49042051,MAPK12,cg06544203,0.03075,Y,165.0
MAPK12_P416_F,22,49042632,MAPK12,cg26416296,0.06221,Y,-416.0
